date,vendor,category,amount,is_anomaly,anomaly_type
2025-01-01,V008,Supplies,325.95,False,
2025-01-01,V027,Maintenance,409.19,False,
2025-01-01,V032,Travel,199.42,False,
2025-01-01,V045,Maintenance,4092.81,False,
2025-01-01,V038,Consulting,744.08,False,
2025-01-01,V019,Supplies,80.07,False,
2025-01-01,V015,Consulting,499.72,False,
2025-01-01,V021,Supplies,1994.09,False,
2025-01-01,V001,Supplies,1014.64,False,
2025-01-01,V001,Maintenance,213.43,False,
2025-01-02,V041,Consulting,962.25,False,
2025-01-02,V011,Maintenance,1971.96,False,
2025-01-02,V042,Utilities,50.44,False,
2025-01-02,V047,Travel,56.75,False,
2025-01-02,V044,Maintenance,493.95,False,
2025-01-02,V047,Supplies,1227.25,False,
2025-01-02,V043,Consulting,29.94,False,
2025-01-02,V030,Travel,361.13,False,
2025-01-02,V036,Utilities,14344.33,False,
2025-01-02,V037,Travel,396.21,False,
2025-01-02,V009,Maintenance,280.98,False,
2025-01-02,V020,Maintenance,1459.64,False,
2025-01-02,V019,Utilities,1341.21,False,
2025-01-02,V004,Supplies,91.25,False,
2025-01-02,V021,Maintenance,1671.38,False,
2025-01-02,V009,Maintenance,2760.99,False,
2025-01-02,V027,Consulting,672.38,False,
2025-01-02,V008,Supplies,1382.54,False,
2025-01-02,V030,Travel,139.52,False,
2025-01-02,V015,Consulting,195.2,False,
2025-01-03,V015,Travel,1722.62,False,
2025-01-03,V002,Supplies,490.66,False,
2025-01-03,V045,Travel,1112.97,False,
2025-01-03,V049,Supplies,111.55,False,
2025-01-03,V036,Travel,617.53,False,
2025-01-03,V013,Consulting,69.35,False,
2025-01-03,V038,Supplies,2342.78,False,
2025-01-03,V010,Utilities,1118.82,False,
2025-01-03,V025,Travel,428.03,False,
2025-01-03,V036,Maintenance,1689.73,False,
2025-01-03,V014,Utilities,82.96,False,
2025-01-03,V021,Maintenance,73.83,False,
2025-01-03,V024,Travel,122.71,False,
2025-01-04,V029,Supplies,2499.11,False,
2025-01-04,V025,Maintenance,34.58,False,
2025-01-04,V047,Utilities,667.61,False,
2025-01-04,V007,Utilities,304.2,False,
2025-01-04,V009,Supplies,2317.39,False,
2025-01-04,V043,Travel,183.76,False,
2025-01-04,V012,Travel,528.52,False,
2025-01-04,V029,Consulting,9012.01,False,
2025-01-04,V024,Supplies,43.57,False,
2025-01-04,V018,Supplies,355.81,False,
2025-01-04,V050,Consulting,483.35,False,
2025-01-04,V014,Maintenance,93.04,False,
2025-01-05,V018,Utilities,56.67,False,
2025-01-05,V021,Maintenance,246.16,False,
2025-01-05,V019,Maintenance,84.11,False,
2025-01-05,V049,Consulting,166.18,False,
2025-01-05,V050,Travel,617.96,False,
2025-01-05,V007,Travel,329.48,False,
2025-01-06,V036,Supplies,410.77,False,
2025-01-06,V018,Utilities,4221.27,False,
2025-01-06,V010,Utilities,407.64,False,
2025-01-06,V017,Consulting,1533.6,False,
2025-01-06,V014,Supplies,3448.79,False,
2025-01-06,V035,Utilities,796.47,False,
2025-01-06,V012,Utilities,2382.54,False,
2025-01-06,V039,Utilities,264.36,False,
2025-01-06,V017,Supplies,2338.54,False,
2025-01-06,V034,Utilities,194.58,False,
2025-01-06,V035,Travel,646.69,False,
2025-01-07,V002,Utilities,1262.29,False,
2025-01-07,V020,Consulting,1099.34,False,
2025-01-07,V028,Maintenance,17633.2,False,
2025-01-07,V007,Supplies,370.36,False,
2025-01-07,V025,Supplies,836.57,False,
2025-01-07,V008,Supplies,365.84,False,
2025-01-07,V038,Travel,314.41,False,
2025-01-07,V043,Supplies,402.19,False,
2025-01-07,V042,Utilities,3134.59,True,fabricated
2025-01-07,V036,Travel,522.73,False,
2025-01-07,V047,Supplies,5034.81,False,
2025-01-07,V012,Utilities,1086.02,False,
2025-01-07,V016,Utilities,130.79,False,
2025-01-08,V033,Utilities,261.23,False,
2025-01-08,V039,Supplies,261.15,False,
2025-01-08,V043,Utilities,65.53,False,
2025-01-08,V038,Travel,312.31,False,
2025-01-08,V015,Supplies,474.28,False,
2025-01-08,V033,Supplies,78.88,False,
2025-01-08,V043,Consulting,2215.72,False,
2025-01-08,V045,Maintenance,1473.05,False,
2025-01-08,V050,Travel,371.4,False,
2025-01-08,V017,Travel,90.58,False,
2025-01-09,V004,Consulting,989.59,False,
2025-01-09,V001,Consulting,369.3,False,
2025-01-09,V011,Supplies,1824.65,False,
2025-01-09,V026,Maintenance,958.08,False,
2025-01-09,V020,Consulting,3339.76,False,
2025-01-09,V044,Maintenance,822.34,False,
2025-01-09,V010,Utilities,1848.74,False,
2025-01-09,V039,Supplies,120.88,False,
2025-01-09,V036,Utilities,2701.25,False,
2025-01-09,V034,Utilities,40.59,False,
2025-01-09,V031,Consulting,1761.68,False,
2025-01-09,V042,Utilities,15089.46,False,
2025-01-09,V016,Consulting,768.03,False,
2025-01-09,V022,Maintenance,243.11,False,
2025-01-09,V002,Utilities,556.05,False,
2025-01-09,V011,Travel,429.17,False,
2025-01-09,V022,Travel,1946.12,False,
2025-01-10,V046,Maintenance,357.97,False,
2025-01-10,V029,Travel,762.34,False,
2025-01-10,V014,Utilities,434.51,False,
2025-01-10,V022,Travel,364.84,False,
2025-01-10,V024,Travel,840.28,False,
2025-01-10,V020,Utilities,1418.83,False,
2025-01-10,V011,Consulting,1410.62,False,
2025-01-10,V004,Supplies,297.19,False,
2025-01-10,V040,Supplies,961.3,False,
2025-01-10,V020,Travel,1746.52,False,
2025-01-10,V002,Utilities,1286.35,False,
2025-01-10,V046,Travel,251.07,False,
2025-01-10,V014,Maintenance,518.94,False,
2025-01-10,V024,Supplies,692.27,False,
2025-01-11,V005,Utilities,220.1,False,
2025-01-11,V023,Supplies,59.28,False,
2025-01-11,V028,Travel,24237.95,False,
2025-01-11,V023,Maintenance,96.48,False,
2025-01-11,V015,Supplies,448.06,False,
2025-01-11,V035,Utilities,301.38,False,
2025-01-11,V010,Supplies,767.7,False,
2025-01-11,V025,Maintenance,7611.98,False,
2025-01-12,V004,Maintenance,1772.69,False,
2025-01-12,V033,Supplies,524.14,False,
2025-01-12,V038,Utilities,6715.11,False,
2025-01-12,V036,Supplies,849.33,False,
2025-01-12,V028,Maintenance,6268.25,False,
2025-01-12,V032,Supplies,444.28,False,
2025-01-12,V034,Supplies,349.28,False,
2025-01-12,V029,Utilities,793.53,False,
2025-01-12,V006,Travel,319.92,False,
2025-01-12,V007,Maintenance,7818.33,False,
2025-01-12,V038,Supplies,7011.43,False,
2025-01-12,V039,Maintenance,4233.08,False,
2025-01-12,V047,Supplies,4877.82,True,below_threshold
2025-01-12,V015,Supplies,432.27,False,
2025-01-12,V033,Utilities,2090.17,False,
2025-01-12,V004,Consulting,1427.79,False,
2025-01-13,V026,Supplies,314.29,False,
2025-01-13,V034,Supplies,63.3,False,
2025-01-13,V038,Consulting,60.16,False,
2025-01-13,V041,Maintenance,348.3,False,
2025-01-13,V011,Maintenance,205.71,False,
2025-01-13,V011,Travel,681.81,False,
2025-01-13,V044,Utilities,265.76,False,
2025-01-13,V004,Travel,336671.21,False,
2025-01-13,V024,Consulting,527.75,False,
2025-01-14,V004,Consulting,1971.82,False,
2025-01-14,V004,Maintenance,3129.38,False,
2025-01-14,V013,Utilities,8917.4,False,
2025-01-14,V007,Consulting,1127.1,False,
2025-01-14,V046,Consulting,1198.98,False,
2025-01-14,V037,Consulting,3295.19,False,
2025-01-14,V005,Travel,44.31,False,
2025-01-14,V008,Travel,167.3,False,
2025-01-14,V023,Maintenance,606.56,False,
2025-01-14,V013,Travel,90.17,False,
2025-01-14,V038,Supplies,5580.9,False,
2025-01-14,V001,Travel,701.38,False,
2025-01-14,V013,Consulting,5048.15,False,
2025-01-14,V043,Utilities,152.76,False,
2025-01-14,V009,Utilities,381.44,False,
2025-01-15,V041,Consulting,1276.89,False,
2025-01-15,V028,Maintenance,5930.86,False,
2025-01-15,V014,Supplies,5098.32,False,
2025-01-15,V031,Supplies,265.76,False,
2025-01-15,V022,Travel,272.27,False,
2025-01-15,V018,Maintenance,1467.95,False,
2025-01-15,V025,Utilities,407.8,False,
2025-01-15,V010,Consulting,401.13,False,
2025-01-15,V033,Supplies,524.14,True,duplicate
2025-01-15,V014,Maintenance,773.96,False,
2025-01-15,V015,Maintenance,3592.22,False,
2025-01-15,V018,Supplies,1417.23,False,
2025-01-15,V034,Maintenance,551.32,False,
2025-01-15,V028,Maintenance,374.63,False,
2025-01-15,V022,Maintenance,1017.39,False,
2025-01-15,V002,Consulting,5273.55,False,
2025-01-16,V021,Consulting,194.32,False,
2025-01-16,V008,Utilities,175.08,False,
2025-01-16,V038,Supplies,7700.57,False,
2025-01-16,V046,Utilities,1863.67,False,
2025-01-16,V006,Supplies,1926.03,False,
2025-01-16,V024,Supplies,61.04,False,
2025-01-16,V016,Utilities,343.3,False,
2025-01-16,V021,Maintenance,485.37,False,
2025-01-16,V001,Travel,701.38,True,duplicate
2025-01-16,V014,Consulting,55.31,False,
2025-01-16,V029,Travel,317.88,False,
2025-01-16,V040,Supplies,168.65,False,
2025-01-16,V008,Supplies,127.8,False,
2025-01-16,V008,Supplies,3805.81,False,
2025-01-16,V006,Consulting,358.88,False,
2025-01-17,V027,Supplies,1207.89,False,
2025-01-17,V013,Utilities,2133.61,False,
2025-01-17,V001,Supplies,577.77,False,
2025-01-17,V044,Supplies,21.36,False,
2025-01-17,V039,Supplies,1284.94,False,
2025-01-17,V035,Supplies,910.83,False,
2025-01-17,V039,Supplies,51.4,False,
2025-01-17,V019,Supplies,88.09,False,
2025-01-17,V048,Maintenance,3124.78,False,
2025-01-17,V036,Supplies,9219.38,True,duplicate
2025-01-17,V050,Consulting,250.1,False,
2025-01-17,V034,Utilities,67.73,False,
2025-01-17,V026,Supplies,545.01,False,
2025-01-17,V036,Supplies,9219.38,False,
2025-01-17,V031,Maintenance,613.19,False,
2025-01-17,V004,Consulting,388.81,False,
2025-01-17,V040,Utilities,491.31,False,
2025-01-18,V030,Supplies,152.98,False,
2025-01-18,V050,Maintenance,1215.15,False,
2025-01-18,V043,Supplies,331.12,False,
2025-01-18,V037,Supplies,561.04,False,
2025-01-18,V035,Maintenance,83.59,False,
2025-01-18,V010,Consulting,612.74,False,
2025-01-18,V004,Maintenance,33.54,False,
2025-01-18,V029,Utilities,116.15,False,
2025-01-18,V012,Travel,118.24,False,
2025-01-18,V044,Supplies,85.6,False,
2025-01-18,V030,Maintenance,190.59,False,
2025-01-18,V022,Supplies,8.92,False,
2025-01-19,V035,Supplies,987.01,False,
2025-01-19,V004,Travel,481.24,False,
2025-01-19,V043,Supplies,222.39,False,
2025-01-19,V006,Consulting,1043.28,False,
2025-01-19,V036,Maintenance,105.66,False,
2025-01-19,V050,Maintenance,810.33,False,
2025-01-19,V027,Supplies,379.13,False,
2025-01-19,V039,Maintenance,2001.22,False,
2025-01-19,V034,Supplies,117.42,False,
2025-01-19,V002,Travel,4774.35,True,below_threshold
2025-01-19,V045,Maintenance,31.49,False,
2025-01-19,V004,Consulting,4561.46,False,
2025-01-19,V008,Maintenance,524.39,False,
2025-01-19,V038,Utilities,237.66,False,
2025-01-19,V001,Maintenance,29.95,False,
2025-01-19,V038,Travel,133.01,False,
2025-01-19,V036,Maintenance,812.19,False,
2025-01-19,V047,Travel,427.25,False,
2025-01-19,V041,Supplies,1355.12,False,
2025-01-19,V021,Travel,431.34,False,
2025-01-19,V036,Travel,622.68,False,
2025-01-20,V008,Travel,4038.93,False,
2025-01-20,V047,Utilities,450.06,False,
2025-01-20,V050,Supplies,51.75,False,
2025-01-20,V045,Consulting,4809.71,True,below_threshold
2025-01-20,V050,Travel,3208.21,False,
2025-01-20,V048,Travel,1615.99,False,
2025-01-21,V013,Travel,585.92,False,
2025-01-21,V049,Travel,645.08,False,
2025-01-21,V039,Travel,3616.41,False,
2025-01-21,V026,Maintenance,1188.31,False,
2025-01-21,V031,Consulting,57.23,False,
2025-01-21,V027,Utilities,939.69,False,
2025-01-21,V043,Utilities,179.54,False,
2025-01-21,V019,Consulting,407.7,False,
2025-01-21,V039,Consulting,239.41,False,
2025-01-21,V035,Supplies,1040.66,False,
2025-01-21,V033,Travel,580.33,False,
2025-01-21,V044,Utilities,1123.47,False,
2025-01-21,V047,Maintenance,328.87,False,
2025-01-21,V011,Supplies,1149.51,False,
2025-01-21,V009,Consulting,861.57,False,
2025-01-22,V010,Travel,789.29,False,
2025-01-22,V028,Consulting,796.51,False,
2025-01-22,V004,Maintenance,1887.55,False,
2025-01-22,V003,Maintenance,514.39,False,
2025-01-22,V041,Utilities,3381.08,False,
2025-01-22,V040,Consulting,143.63,False,
2025-01-22,V027,Consulting,239.72,True,fabricated
2025-01-22,V039,Maintenance,15792.56,False,
2025-01-22,V008,Consulting,438.42,False,
2025-01-22,V010,Supplies,3289.48,False,
2025-01-22,V043,Travel,127.77,False,
2025-01-22,V001,Travel,1918.64,False,
2025-01-22,V038,Travel,480.27,False,
2025-01-22,V011,Maintenance,1000.0,True,round_number
2025-01-22,V027,Supplies,484.73,False,
2025-01-23,V014,Supplies,136.85,False,
2025-01-23,V036,Utilities,422.51,False,
2025-01-23,V021,Travel,299.85,False,
2025-01-23,V012,Utilities,420.54,False,
2025-01-23,V030,Supplies,31.02,False,
2025-01-23,V009,Supplies,409.35,False,
2025-01-23,V049,Utilities,373.92,False,
2025-01-23,V016,Supplies,1054.17,False,
2025-01-23,V018,Maintenance,13.35,False,
2025-01-23,V006,Consulting,9948.77,False,
2025-01-23,V046,Consulting,222.98,False,
2025-01-23,V021,Maintenance,1538.28,False,
2025-01-23,V011,Travel,781.62,False,
2025-01-23,V043,Supplies,1907.32,False,
2025-01-24,V031,Consulting,289.74,False,
2025-01-24,V008,Maintenance,190.42,False,
2025-01-24,V013,Consulting,122.03,False,
2025-01-24,V012,Travel,5198.86,False,
2025-01-24,V019,Utilities,354.19,False,
2025-01-24,V010,Utilities,342.45,False,
2025-01-24,V041,Utilities,19418.26,False,
2025-01-24,V015,Consulting,97.75,False,
2025-01-25,V013,Travel,78.25,False,
2025-01-25,V029,Travel,80.81,False,
2025-01-25,V005,Supplies,11.19,False,
2025-01-25,V034,Travel,1015.47,False,
2025-01-25,V014,Supplies,48698.1,False,
2025-01-25,V009,Utilities,3150.81,False,
2025-01-25,V024,Travel,105.2,False,
2025-01-25,V012,Supplies,475.34,False,
2025-01-25,V026,Utilities,11061.19,False,
2025-01-25,V047,Consulting,9.25,False,
2025-01-25,V047,Travel,549.59,False,
2025-01-25,V016,Travel,75.28,False,
2025-01-25,V049,Utilities,387.91,False,
2025-01-25,V014,Consulting,296.22,False,
2025-01-25,V013,Utilities,477.83,False,
2025-01-25,V023,Travel,8.32,False,
2025-01-25,V041,Travel,1821.16,False,
2025-01-25,V021,Supplies,1551.34,False,
2025-01-25,V016,Supplies,602.77,True,fabricated
2025-01-26,V006,Supplies,75.75,False,
2025-01-26,V035,Maintenance,3100.24,False,
2025-01-26,V007,Travel,338.03,False,
2025-01-26,V011,Consulting,204.71,False,
2025-01-26,V033,Maintenance,147.32,False,
2025-01-26,V045,Maintenance,740.11,False,
2025-01-26,V022,Consulting,451.16,False,
2025-01-26,V046,Consulting,346.29,False,
2025-01-26,V022,Utilities,164.0,False,
2025-01-26,V008,Consulting,353.28,False,
2025-01-26,V047,Supplies,494.27,False,
2025-01-26,V002,Travel,1647.16,False,
2025-01-27,V032,Maintenance,751.05,False,
2025-01-27,V019,Consulting,55.33,False,
2025-01-27,V041,Maintenance,608.89,False,
2025-01-27,V026,Maintenance,72.02,False,
2025-01-27,V050,Utilities,1191.22,False,
2025-01-27,V006,Travel,1206.2,False,
2025-01-27,V027,Supplies,1786.62,False,
2025-01-27,V050,Maintenance,45.02,False,
2025-01-27,V028,Travel,1089.6,False,
2025-01-27,V015,Supplies,3826.94,False,
2025-01-27,V007,Consulting,1050.41,False,
2025-01-27,V038,Utilities,1396.94,False,
2025-01-27,V050,Consulting,9342.19,True,fabricated
2025-01-27,V028,Travel,465.12,False,
2025-01-28,V050,Maintenance,45.02,True,duplicate
2025-01-28,V043,Supplies,153.65,False,
2025-01-28,V022,Travel,1034.98,False,
2025-01-28,V002,Utilities,346.97,False,
2025-01-28,V036,Travel,1531.86,False,
2025-01-28,V041,Travel,3171.99,False,
2025-01-28,V015,Consulting,665.47,False,
2025-01-28,V008,Travel,1852.24,False,
2025-01-28,V032,Utilities,209.35,False,
2025-01-28,V014,Utilities,697.23,False,
2025-01-28,V028,Travel,704.02,False,
2025-01-29,V040,Travel,45.59,False,
2025-01-29,V030,Travel,188.41,False,
2025-01-29,V013,Travel,352.05,False,
2025-01-29,V042,Supplies,9816.74,False,
2025-01-29,V035,Utilities,893.79,False,
2025-01-29,V025,Supplies,78.28,False,
2025-01-29,V031,Consulting,674.06,False,
2025-01-29,V028,Travel,465.12,True,duplicate
2025-01-29,V042,Utilities,601.21,False,
2025-01-29,V012,Travel,7097.83,False,
2025-01-29,V040,Travel,249.69,False,
2025-01-29,V023,Maintenance,634.6,False,
2025-01-30,V037,Utilities,240.02,False,
2025-01-30,V021,Utilities,4910.84,True,below_threshold
2025-01-30,V015,Travel,1949.05,False,
2025-01-30,V033,Maintenance,2173.89,False,
2025-01-30,V012,Consulting,6725.91,False,
2025-01-30,V036,Consulting,4713.14,False,
2025-01-30,V022,Supplies,652.08,False,
2025-01-30,V018,Travel,1344.2,False,
2025-01-31,V004,Utilities,338.0,False,
2025-01-31,V038,Supplies,3638.56,False,
2025-01-31,V034,Utilities,349.38,False,
2025-01-31,V019,Consulting,35782.5,False,
2025-01-31,V018,Utilities,336.15,False,
2025-01-31,V030,Consulting,2046.39,False,
2025-01-31,V012,Travel,1237.52,False,
2025-01-31,V010,Consulting,621.89,False,
2025-01-31,V032,Consulting,2000.0,True,round_number
2025-01-31,V007,Maintenance,134.62,False,
2025-01-31,V036,Supplies,277.08,False,
2025-01-31,V049,Travel,473.3,False,
2025-02-01,V034,Travel,218.56,False,
2025-02-01,V022,Consulting,517.42,False,
2025-02-01,V012,Utilities,75.08,False,
2025-02-01,V025,Maintenance,122.49,False,
2025-02-01,V041,Maintenance,1494.58,False,
2025-02-01,V021,Maintenance,2850.04,False,
2025-02-01,V034,Utilities,8327.55,False,
2025-02-01,V032,Maintenance,202.03,False,
2025-02-01,V024,Supplies,1766.75,False,
2025-02-01,V006,Utilities,130.59,False,
2025-02-01,V032,Maintenance,754.78,False,
2025-02-01,V008,Supplies,258.1,False,
2025-02-02,V003,Consulting,1346.69,False,
2025-02-02,V041,Maintenance,6179.14,False,
2025-02-02,V016,Supplies,2734.84,False,
2025-02-02,V010,Consulting,151.35,False,
2025-02-02,V020,Travel,227.14,False,
2025-02-02,V027,Supplies,461.4,False,
2025-02-02,V004,Maintenance,3477.86,False,
2025-02-02,V044,Travel,9367.87,False,
2025-02-02,V027,Supplies,705.52,False,
2025-02-02,V006,Consulting,2068.81,False,
2025-02-02,V030,Maintenance,53.09,False,
2025-02-02,V005,Utilities,320.35,False,
2025-02-02,V007,Utilities,484.32,False,
2025-02-02,V025,Utilities,4555.74,False,
2025-02-02,V010,Supplies,65.65,False,
2025-02-02,V010,Utilities,649.58,False,
2025-02-02,V023,Travel,1336.67,False,
2025-02-02,V025,Supplies,271.89,False,
2025-02-03,V024,Consulting,4320.56,False,
2025-02-03,V046,Consulting,672.26,False,
2025-02-03,V004,Consulting,268.15,False,
2025-02-03,V011,Consulting,2980.64,False,
2025-02-03,V041,Supplies,152.35,False,
2025-02-03,V027,Utilities,1561.97,False,
2025-02-03,V019,Consulting,394.0,False,
2025-02-03,V026,Supplies,194.53,False,
2025-02-03,V029,Maintenance,19493.98,False,
2025-02-03,V026,Consulting,2588.97,False,
2025-02-03,V010,Utilities,382.96,False,
2025-02-03,V030,Maintenance,692.52,False,
2025-02-03,V045,Travel,31347.23,False,
2025-02-03,V049,Consulting,25123.79,False,
2025-02-04,V014,Supplies,4810.51,False,
2025-02-04,V021,Supplies,981.18,False,
2025-02-04,V019,Utilities,185.96,False,
2025-02-04,V004,Supplies,11064.75,False,
2025-02-04,V009,Consulting,57.75,False,
2025-02-04,V043,Consulting,14.81,False,
2025-02-04,V034,Consulting,449.78,False,
2025-02-04,V018,Supplies,4905.54,False,
2025-02-04,V026,Travel,3945.4,False,
2025-02-04,V030,Maintenance,138.89,False,
2025-02-04,V046,Travel,6605.1,False,
2025-02-04,V033,Consulting,104.46,False,
2025-02-04,V044,Consulting,933.72,False,
2025-02-04,V033,Maintenance,581.14,False,
2025-02-04,V045,Utilities,1472.48,False,
2025-02-04,V027,Maintenance,220.69,False,
2025-02-04,V037,Maintenance,49.91,False,
2025-02-04,V047,Maintenance,6965.21,False,
2025-02-04,V046,Utilities,1582.11,False,
2025-02-04,V034,Travel,963.22,False,
2025-02-04,V010,Supplies,123.27,False,
2025-02-04,V024,Maintenance,1261.37,False,
2025-02-05,V044,Travel,785.63,False,
2025-02-05,V047,Utilities,1568.98,False,
2025-02-05,V047,Maintenance,881.73,False,
2025-02-05,V044,Travel,277.14,False,
2025-02-05,V006,Travel,161.79,False,
2025-02-05,V022,Supplies,285.62,False,
2025-02-05,V045,Consulting,117.36,False,
2025-02-05,V016,Utilities,290.4,False,
2025-02-05,V033,Travel,221.87,False,
2025-02-05,V027,Consulting,1292.79,True,duplicate
2025-02-05,V019,Consulting,191.46,False,
2025-02-05,V034,Travel,70.3,False,
2025-02-05,V042,Travel,6772.93,False,
2025-02-05,V038,Travel,21597.77,False,
2025-02-05,V027,Consulting,1292.79,False,
2025-02-06,V025,Supplies,428.83,False,
2025-02-06,V035,Travel,347.47,False,
2025-02-06,V037,Supplies,1606.02,False,
2025-02-06,V035,Consulting,605.0,False,
2025-02-06,V026,Supplies,84.63,False,
2025-02-06,V049,Supplies,943.24,False,
2025-02-06,V011,Utilities,11993.37,False,
2025-02-06,V005,Consulting,1642.44,False,
2025-02-06,V002,Consulting,212.7,False,
2025-02-06,V012,Supplies,661.96,False,
2025-02-06,V041,Consulting,824.73,False,
2025-02-06,V030,Consulting,40.64,False,
2025-02-06,V038,Travel,392.31,False,
2025-02-06,V013,Consulting,359.48,False,
2025-02-06,V050,Maintenance,3372.12,False,
2025-02-06,V007,Supplies,162.33,False,
2025-02-06,V044,Maintenance,558.14,False,
2025-02-07,V002,Utilities,3606.45,False,
2025-02-07,V049,Maintenance,288.6,False,
2025-02-07,V004,Maintenance,204.05,False,
2025-02-07,V014,Utilities,608.44,False,
2025-02-07,V015,Consulting,371.79,False,
2025-02-07,V043,Utilities,2164.4,False,
2025-02-07,V030,Consulting,1275.2,False,
2025-02-07,V029,Maintenance,1521.48,False,
2025-02-07,V010,Travel,316.4,False,
2025-02-07,V009,Consulting,120.75,False,
2025-02-07,V015,Consulting,287.95,False,
2025-02-07,V001,Consulting,43.13,False,
2025-02-07,V007,Consulting,5486.31,False,
2025-02-07,V020,Maintenance,7907.4,False,
2025-02-07,V024,Consulting,3000.0,True,round_number
2025-02-08,V031,Supplies,1104.79,False,
2025-02-08,V036,Maintenance,2195.3,False,
2025-02-08,V018,Maintenance,4732.53,False,
2025-02-08,V033,Utilities,473.66,False,
2025-02-08,V024,Consulting,1578.18,False,
2025-02-08,V028,Utilities,978.4,False,
2025-02-08,V016,Travel,477.31,False,
2025-02-08,V026,Utilities,4927.67,False,
2025-02-08,V044,Maintenance,2656.05,False,
2025-02-08,V045,Utilities,579.37,False,
2025-02-08,V040,Travel,806.06,False,
2025-02-08,V005,Supplies,257.71,False,
2025-02-08,V043,Maintenance,946.69,False,
2025-02-08,V005,Consulting,2947.43,False,
2025-02-08,V033,Travel,329.91,False,
2025-02-08,V018,Utilities,337.77,False,
2025-02-08,V047,Utilities,95.34,False,
2025-02-08,V007,Travel,3778.15,False,
2025-02-08,V038,Consulting,651.05,False,
2025-02-08,V027,Travel,2824.81,False,
2025-02-08,V035,Travel,14824.8,False,
2025-02-08,V016,Maintenance,769.93,False,
2025-02-09,V026,Utilities,441.38,False,
2025-02-09,V002,Travel,33026.04,False,
2025-02-09,V027,Supplies,494.66,False,
2025-02-09,V039,Maintenance,1635.15,False,
2025-02-09,V023,Supplies,190.98,False,
2025-02-09,V023,Utilities,415.77,False,
2025-02-09,V029,Travel,3855.62,False,
2025-02-09,V022,Utilities,99.82,False,
2025-02-09,V027,Consulting,81.44,False,
2025-02-09,V021,Consulting,107.1,False,
2025-02-09,V030,Consulting,180.59,False,
2025-02-09,V041,Consulting,610.3,False,
2025-02-09,V045,Supplies,1062.37,False,
2025-02-09,V043,Consulting,9839.32,False,
2025-02-10,V029,Maintenance,1319.52,False,
2025-02-10,V007,Utilities,392.73,False,
2025-02-10,V046,Supplies,4015.87,False,
2025-02-10,V014,Utilities,356.9,False,
2025-02-10,V013,Maintenance,9469.69,False,
2025-02-10,V043,Travel,1151.79,False,
2025-02-10,V023,Travel,336.81,False,
2025-02-10,V050,Supplies,299.2,False,
2025-02-10,V021,Supplies,193.12,False,
2025-02-10,V013,Maintenance,764.13,False,
2025-02-10,V048,Utilities,111.69,False,
2025-02-10,V026,Maintenance,603.62,False,
2025-02-10,V028,Supplies,2282.23,False,
2025-02-10,V008,Consulting,11207.19,False,
2025-02-10,V003,Consulting,1276.74,False,
2025-02-11,V013,Utilities,4981.5,True,below_threshold
2025-02-11,V036,Travel,101.65,False,
2025-02-11,V002,Supplies,152.79,False,
2025-02-11,V028,Utilities,323.63,False,
2025-02-11,V018,Maintenance,888.31,False,
2025-02-11,V007,Consulting,1933.22,False,
2025-02-11,V039,Maintenance,932.62,False,
2025-02-11,V041,Supplies,231.49,False,
2025-02-11,V037,Travel,133.64,False,
2025-02-11,V048,Supplies,10.75,False,
2025-02-11,V033,Travel,1753.67,False,
2025-02-12,V039,Maintenance,280.67,False,
2025-02-12,V026,Utilities,171.57,False,
2025-02-12,V016,Supplies,326.64,False,
2025-02-12,V014,Travel,215.97,False,
2025-02-12,V023,Travel,343.74,False,
2025-02-12,V007,Consulting,900.78,False,
2025-02-12,V043,Consulting,15951.6,False,
2025-02-12,V008,Consulting,895.72,False,
2025-02-12,V013,Supplies,86.57,False,
2025-02-12,V018,Travel,7556.47,False,
2025-02-12,V024,Travel,1813.87,False,
2025-02-12,V038,Travel,4506.24,False,
2025-02-13,V005,Utilities,308.51,False,
2025-02-13,V028,Travel,1570.23,False,
2025-02-13,V033,Travel,63.85,False,
2025-02-13,V029,Supplies,523.48,False,
2025-02-13,V007,Consulting,64.64,False,
2025-02-13,V048,Consulting,1044.68,False,
2025-02-13,V006,Travel,1876.05,False,
2025-02-13,V027,Supplies,1007.32,False,
2025-02-13,V017,Maintenance,1028.29,False,
2025-02-13,V046,Utilities,296.1,False,
2025-02-13,V024,Utilities,69.61,False,
2025-02-13,V015,Maintenance,196.21,False,
2025-02-13,V011,Travel,52.96,False,
2025-02-13,V045,Utilities,2387.27,False,
2025-02-13,V009,Travel,85.41,False,
2025-02-13,V035,Utilities,225.96,False,
2025-02-13,V016,Utilities,949.99,False,
2025-02-13,V009,Utilities,407.37,False,
2025-02-13,V039,Travel,163.94,False,
2025-02-13,V049,Utilities,249.9,False,
2025-02-14,V024,Consulting,557.4,False,
2025-02-14,V017,Utilities,294.08,False,
2025-02-14,V049,Utilities,844.53,False,
2025-02-14,V044,Supplies,309.09,False,
2025-02-14,V036,Maintenance,16.98,False,
2025-02-14,V001,Utilities,610.26,True,duplicate
2025-02-14,V024,Utilities,312.25,False,
2025-02-14,V017,Utilities,406.2,False,
2025-02-14,V031,Supplies,16948.52,False,
2025-02-14,V043,Consulting,14.13,False,
2025-02-14,V045,Travel,298.3,False,
2025-02-14,V050,Utilities,649.29,False,
2025-02-14,V001,Utilities,610.26,False,
2025-02-14,V009,Supplies,159.37,False,
2025-02-15,V017,Supplies,1503.47,False,
2025-02-15,V023,Maintenance,128.76,False,
2025-02-15,V016,Travel,182.36,False,
2025-02-15,V027,Supplies,4066.79,False,
2025-02-15,V015,Utilities,39.71,False,
2025-02-15,V050,Supplies,236.75,False,
2025-02-15,V017,Consulting,1792.13,False,
2025-02-15,V020,Supplies,461.03,False,
2025-02-15,V036,Travel,115.27,False,
2025-02-15,V014,Maintenance,420.63,False,
2025-02-15,V045,Consulting,1308.42,False,
2025-02-15,V017,Utilities,302.87,False,
2025-02-16,V015,Travel,2790.56,False,
2025-02-16,V024,Maintenance,1469.72,False,
2025-02-16,V027,Maintenance,384.66,False,
2025-02-16,V040,Supplies,1729.74,False,
2025-02-16,V015,Maintenance,2838.87,False,
2025-02-16,V016,Utilities,1312.37,False,
2025-02-16,V016,Travel,4152.76,False,
2025-02-16,V043,Utilities,185.94,False,
2025-02-16,V018,Consulting,2609.4,False,
2025-02-16,V015,Travel,180.14,False,
2025-02-16,V006,Utilities,616.41,False,
2025-02-16,V014,Supplies,126.07,False,
2025-02-16,V035,Supplies,119.49,False,
2025-02-16,V020,Travel,781.83,False,
2025-02-16,V025,Travel,8082.16,False,
2025-02-16,V027,Travel,894.26,False,
2025-02-16,V002,Utilities,603.07,False,
2025-02-16,V004,Maintenance,2034.1,False,
2025-02-16,V023,Maintenance,193.97,False,
2025-02-16,V026,Travel,497.76,False,
2025-02-16,V047,Supplies,1169.82,False,
2025-02-17,V002,Travel,358.47,False,
2025-02-17,V001,Maintenance,4169.27,False,
2025-02-17,V013,Maintenance,1003.91,False,
2025-02-17,V026,Utilities,94.86,False,
2025-02-17,V001,Travel,2199.64,False,
2025-02-17,V040,Consulting,81.2,False,
2025-02-17,V047,Utilities,1245.07,False,
2025-02-17,V048,Supplies,108.8,False,
2025-02-17,V028,Travel,1930.36,False,
2025-02-17,V003,Maintenance,121.73,False,
2025-02-17,V042,Maintenance,167.51,False,
2025-02-17,V016,Travel,208.67,False,
2025-02-17,V048,Consulting,50.57,False,
2025-02-17,V014,Maintenance,229.97,False,
2025-02-17,V028,Maintenance,647.9,False,
2025-02-18,V043,Supplies,1101.68,False,
2025-02-18,V035,Travel,342.34,False,
2025-02-18,V038,Travel,56.57,False,
2025-02-18,V047,Utilities,930.37,False,
2025-02-18,V047,Utilities,621.02,False,
2025-02-18,V035,Utilities,1137.97,False,
2025-02-18,V040,Travel,96.76,False,
2025-02-18,V045,Utilities,2572.3,False,
2025-02-18,V045,Supplies,1760.88,False,
2025-02-18,V001,Travel,217.87,False,
2025-02-18,V020,Travel,277.9,False,
2025-02-18,V028,Supplies,1036.08,False,
2025-02-18,V026,Consulting,467.82,False,
2025-02-18,V018,Travel,15.39,False,
2025-02-18,V040,Consulting,595.37,False,
2025-02-19,V025,Maintenance,1595.91,False,
2025-02-19,V050,Utilities,382.08,False,
2025-02-19,V001,Travel,6697.49,False,
2025-02-19,V023,Travel,593.43,False,
2025-02-19,V008,Utilities,6648.07,False,
2025-02-19,V001,Maintenance,6386.1,False,
2025-02-19,V037,Maintenance,1729.23,False,
2025-02-19,V024,Travel,3392.61,False,
2025-02-19,V050,Maintenance,122.22,False,
2025-02-19,V050,Travel,1998.15,False,
2025-02-19,V044,Supplies,1833.87,False,
2025-02-19,V035,Utilities,1440.03,False,
2025-02-20,V040,Maintenance,767.94,False,
2025-02-20,V038,Maintenance,99.7,False,
2025-02-20,V030,Maintenance,219.95,False,
2025-02-20,V029,Consulting,117.84,False,
2025-02-20,V049,Travel,57.93,False,
2025-02-20,V024,Consulting,280.67,False,
2025-02-20,V040,Utilities,14196.35,False,
2025-02-20,V026,Utilities,473.25,False,
2025-02-20,V047,Travel,470.34,False,
2025-02-20,V031,Maintenance,1686.7,False,
2025-02-20,V019,Utilities,194.95,False,
2025-02-20,V013,Utilities,570.45,False,
2025-02-20,V002,Utilities,236.24,False,
2025-02-21,V002,Maintenance,4963.27,False,
2025-02-21,V038,Travel,870.74,False,
2025-02-21,V010,Supplies,1971.21,False,
2025-02-21,V020,Travel,911.03,False,
2025-02-21,V044,Supplies,177.81,False,
2025-02-21,V024,Maintenance,5806.38,False,
2025-02-21,V024,Utilities,4773.62,True,below_threshold
2025-02-21,V009,Utilities,3412.67,False,
2025-02-21,V041,Travel,2042.47,False,
2025-02-21,V010,Maintenance,193.34,False,
2025-02-21,V047,Supplies,331.73,False,
2025-02-21,V022,Maintenance,2256.92,False,
2025-02-21,V001,Consulting,30560.08,False,
2025-02-21,V037,Utilities,98.82,False,
2025-02-21,V033,Supplies,112.99,False,
2025-02-21,V015,Consulting,48.17,False,
2025-02-21,V050,Consulting,287.65,False,
2025-02-21,V018,Maintenance,849.02,False,
2025-02-22,V049,Supplies,1231.79,False,
2025-02-22,V041,Travel,1516.27,False,
2025-02-22,V018,Utilities,13.47,False,
2025-02-22,V034,Consulting,10479.99,False,
2025-02-22,V012,Maintenance,499.21,False,
2025-02-22,V013,Supplies,1294.44,False,
2025-02-22,V034,Consulting,24.45,False,
2025-02-22,V019,Travel,328.47,False,
2025-02-22,V018,Supplies,156.5,False,
2025-02-22,V015,Consulting,1685.44,False,
2025-02-22,V003,Maintenance,663.77,False,
2025-02-22,V024,Travel,3045.01,False,
2025-02-22,V016,Consulting,499.77,False,
2025-02-23,V033,Maintenance,92.94,False,
2025-02-23,V002,Travel,653.8,False,
2025-02-23,V011,Maintenance,1259.53,False,
2025-02-23,V020,Supplies,84985.89,False,
2025-02-23,V025,Travel,85.14,False,
2025-02-23,V037,Travel,287.47,False,
2025-02-23,V044,Maintenance,1668.44,False,
2025-02-23,V049,Consulting,1343.97,False,
2025-02-23,V013,Consulting,2144.52,False,
2025-02-24,V029,Travel,301.7,False,
2025-02-24,V011,Supplies,199.71,False,
2025-02-24,V042,Consulting,17.81,False,
2025-02-24,V041,Consulting,11.3,False,
2025-02-24,V039,Supplies,381.36,False,
2025-02-24,V049,Supplies,512.19,False,
2025-02-24,V027,Supplies,4729.53,False,
2025-02-24,V005,Supplies,3087.49,False,
2025-02-24,V008,Utilities,295.69,False,
2025-02-24,V041,Travel,11462.56,False,
2025-02-24,V013,Maintenance,299.98,False,
2025-02-24,V031,Consulting,382.66,False,
2025-02-24,V014,Maintenance,29.21,False,
2025-02-24,V022,Supplies,243.07,False,
2025-02-24,V007,Consulting,279.47,False,
2025-02-24,V028,Supplies,65.52,False,
2025-02-24,V035,Consulting,69.62,False,
2025-02-25,V015,Maintenance,367.96,False,
2025-02-25,V028,Utilities,519.7,False,
2025-02-25,V038,Maintenance,1135.48,False,
2025-02-25,V044,Utilities,1893.89,False,
2025-02-25,V013,Travel,154.66,False,
2025-02-25,V035,Supplies,4233.41,False,
2025-02-25,V041,Maintenance,3079.82,False,
2025-02-25,V033,Utilities,5276.12,False,
2025-02-25,V035,Maintenance,5531.92,False,
2025-02-25,V033,Supplies,79.59,False,
2025-02-25,V038,Supplies,2527.49,False,
2025-02-25,V044,Consulting,762.52,False,
2025-02-25,V034,Supplies,302.44,False,
2025-02-25,V039,Travel,443.26,False,
2025-02-25,V038,Utilities,3375.38,False,
2025-02-26,V046,Supplies,70.26,False,
2025-02-26,V029,Maintenance,754.72,False,
2025-02-26,V012,Consulting,141.19,False,
2025-02-26,V021,Consulting,670.64,False,
2025-02-26,V011,Utilities,721.82,False,
2025-02-26,V024,Travel,193.3,False,
2025-02-26,V032,Maintenance,847.68,False,
2025-02-26,V001,Travel,2756.66,False,
2025-02-26,V007,Supplies,1942.14,False,
2025-02-26,V033,Supplies,558.01,False,
2025-02-26,V013,Utilities,4151.06,False,
2025-02-26,V009,Maintenance,419.64,False,
2025-02-26,V042,Travel,83.9,False,
2025-02-26,V010,Consulting,119.51,False,
2025-02-26,V018,Maintenance,1331.98,False,
2025-02-26,V038,Travel,378.14,False,
2025-02-26,V026,Maintenance,1203.74,False,
2025-02-26,V034,Consulting,1709.74,False,
2025-02-26,V049,Utilities,730.55,False,
2025-02-26,V014,Utilities,419.41,False,
2025-02-26,V005,Supplies,2060.43,False,
2025-02-26,V005,Utilities,50.3,False,
2025-02-27,V029,Maintenance,3603.48,False,
2025-02-27,V008,Consulting,517.91,False,
2025-02-27,V024,Travel,708.1,False,
2025-02-27,V004,Utilities,1323.27,False,
2025-02-27,V002,Consulting,3311.35,False,
2025-02-27,V030,Travel,692.18,False,
2025-02-27,V009,Supplies,273.6,False,
2025-02-27,V007,Supplies,7164.55,False,
2025-02-27,V005,Maintenance,122.19,False,
2025-02-27,V006,Maintenance,1088.85,False,
2025-02-27,V003,Consulting,9079.83,False,
2025-02-28,V023,Consulting,100.25,False,
2025-02-28,V039,Utilities,4964.58,False,
2025-02-28,V007,Consulting,53.16,False,
2025-02-28,V002,Supplies,909.26,False,
2025-02-28,V005,Consulting,3637.83,False,
2025-02-28,V032,Utilities,532.56,False,
2025-02-28,V045,Travel,595.84,False,
2025-02-28,V001,Utilities,2595.13,False,
2025-02-28,V007,Supplies,688.42,False,
2025-02-28,V015,Maintenance,72.01,False,
2025-02-28,V016,Consulting,4363.5,False,
2025-02-28,V005,Maintenance,122.19,True,duplicate
2025-02-28,V017,Consulting,8037.08,False,
2025-02-28,V003,Consulting,755.99,False,
2025-03-01,V027,Travel,5822.43,False,
2025-03-01,V049,Travel,67.04,False,
2025-03-01,V027,Utilities,146.53,False,
2025-03-01,V008,Travel,769.44,False,
2025-03-01,V022,Utilities,590.37,False,
2025-03-01,V005,Travel,216.63,False,
2025-03-01,V016,Utilities,4145.61,False,
2025-03-01,V022,Consulting,3341.79,False,
2025-03-01,V005,Maintenance,3702.67,False,
2025-03-01,V040,Utilities,2262.13,False,
2025-03-01,V020,Maintenance,199.38,False,
2025-03-01,V005,Maintenance,5542.56,False,
2025-03-01,V001,Maintenance,387.61,False,
2025-03-01,V049,Supplies,174.45,False,
2025-03-02,V041,Utilities,738.44,False,
2025-03-02,V041,Utilities,100.36,False,
2025-03-02,V011,Consulting,1115.71,False,
2025-03-02,V002,Utilities,500.39,False,
2025-03-02,V044,Travel,25.58,False,
2025-03-02,V005,Utilities,2783.14,False,
2025-03-02,V008,Travel,8034.05,False,
2025-03-02,V017,Utilities,621.86,False,
2025-03-02,V030,Supplies,294.83,False,
2025-03-02,V039,Travel,10782.62,False,
2025-03-02,V039,Maintenance,371.96,False,
2025-03-02,V018,Travel,140.98,False,
2025-03-02,V048,Supplies,1579.75,False,
2025-03-02,V010,Utilities,474.1,False,
2025-03-02,V025,Consulting,2144.4,False,
2025-03-02,V018,Travel,1837.0,False,
2025-03-02,V010,Supplies,793.83,False,
2025-03-03,V030,Travel,2340.67,False,
2025-03-03,V014,Maintenance,1800.07,False,
2025-03-03,V028,Maintenance,965.45,False,
2025-03-03,V037,Maintenance,920.94,False,
2025-03-03,V001,Utilities,307.95,False,
2025-03-03,V045,Travel,1254.47,False,
2025-03-03,V034,Travel,284.28,False,
2025-03-03,V008,Consulting,1574.56,False,
2025-03-03,V037,Supplies,827.64,False,
2025-03-03,V022,Supplies,335.87,False,
2025-03-03,V014,Travel,4988.42,True,below_threshold
2025-03-03,V026,Utilities,129.97,False,
2025-03-03,V007,Utilities,98.47,False,
2025-03-03,V009,Travel,1605.61,False,
2025-03-04,V018,Travel,285.82,False,
2025-03-04,V005,Utilities,570.58,False,
2025-03-04,V033,Supplies,486.0,False,
2025-03-04,V038,Supplies,1241.37,False,
2025-03-04,V026,Supplies,143.31,False,
2025-03-04,V050,Supplies,60.35,False,
2025-03-04,V022,Maintenance,6902.17,False,
2025-03-04,V013,Travel,1154.65,False,
2025-03-04,V044,Travel,548.2,False,
2025-03-04,V014,Maintenance,73.39,False,
2025-03-04,V041,Travel,2661.82,False,
2025-03-05,V017,Supplies,812.87,False,
2025-03-05,V048,Consulting,710.01,False,
2025-03-05,V012,Consulting,251.54,False,
2025-03-05,V036,Consulting,60.04,False,
2025-03-05,V002,Consulting,2523.16,False,
2025-03-05,V002,Maintenance,7535.98,False,
2025-03-05,V017,Travel,19.67,False,
2025-03-05,V029,Utilities,225.37,False,
2025-03-05,V025,Travel,544.24,False,
2025-03-05,V026,Maintenance,385.59,False,
2025-03-05,V046,Supplies,171.47,False,
2025-03-05,V034,Travel,1312.41,False,
2025-03-05,V040,Consulting,468.19,False,
2025-03-05,V048,Consulting,6.53,False,
2025-03-06,V038,Supplies,8000.0,True,round_number
2025-03-06,V007,Travel,546.25,False,
2025-03-06,V046,Travel,146.17,False,
2025-03-06,V039,Maintenance,7784.65,False,
2025-03-06,V007,Utilities,180.74,False,
2025-03-06,V045,Supplies,985.89,False,
2025-03-06,V022,Supplies,1693.63,False,
2025-03-06,V011,Travel,243.77,False,
2025-03-06,V014,Supplies,82.28,False,
2025-03-06,V041,Consulting,4856.84,True,below_threshold
2025-03-06,V042,Travel,371.62,False,
2025-03-06,V047,Travel,443.59,False,
2025-03-06,V013,Maintenance,532.14,False,
2025-03-06,V040,Consulting,43.08,False,
2025-03-06,V025,Maintenance,689.3,False,
2025-03-06,V034,Maintenance,10275.09,False,
2025-03-06,V042,Utilities,4477.62,False,
2025-03-06,V032,Utilities,293.16,False,
2025-03-06,V004,Maintenance,1427.81,False,
2025-03-06,V010,Supplies,214.27,False,
2025-03-07,V009,Consulting,9267.62,False,
2025-03-07,V018,Consulting,4043.59,False,
2025-03-07,V020,Utilities,62.27,False,
2025-03-07,V008,Travel,74.65,False,
2025-03-07,V016,Maintenance,180.44,False,
2025-03-07,V048,Maintenance,11203.41,False,
2025-03-07,V003,Maintenance,16292.45,False,
2025-03-07,V002,Consulting,362.49,False,
2025-03-07,V024,Supplies,685.42,False,
2025-03-07,V003,Supplies,977.64,False,
2025-03-07,V035,Supplies,1208.58,False,
2025-03-08,V024,Consulting,507.12,False,
2025-03-08,V050,Utilities,1159.02,False,
2025-03-08,V034,Maintenance,134.64,False,
2025-03-08,V028,Maintenance,467.59,False,
2025-03-08,V011,Travel,184.22,False,
2025-03-08,V040,Utilities,2425.83,False,
2025-03-08,V006,Utilities,196.54,False,
2025-03-08,V035,Maintenance,332.35,False,
2025-03-08,V033,Utilities,1024.5,False,
2025-03-08,V037,Consulting,2132.9,False,
2025-03-08,V019,Consulting,197.87,False,
2025-03-08,V035,Maintenance,143.39,False,
2025-03-08,V039,Supplies,4521.73,False,
2025-03-08,V023,Supplies,4531.22,False,
2025-03-08,V005,Consulting,3984.24,False,
2025-03-08,V017,Travel,1578.6,False,
2025-03-09,V025,Consulting,907.88,False,
2025-03-09,V047,Supplies,615.84,False,
2025-03-09,V024,Maintenance,573.67,False,
2025-03-09,V019,Consulting,255.41,False,
2025-03-09,V006,Supplies,1378.94,False,
2025-03-09,V035,Travel,1361.27,False,
2025-03-09,V008,Travel,433.09,False,
2025-03-09,V038,Supplies,5497.49,False,
2025-03-09,V032,Consulting,8762.77,False,
2025-03-09,V008,Travel,685.37,False,
2025-03-10,V034,Supplies,1915.03,False,
2025-03-10,V006,Utilities,1512.9,False,
2025-03-10,V007,Travel,705.54,False,
2025-03-10,V047,Maintenance,193.75,False,
2025-03-10,V018,Travel,2592.85,False,
2025-03-10,V024,Travel,3246.71,False,
2025-03-10,V008,Maintenance,2215.54,False,
2025-03-10,V009,Maintenance,1857.06,False,
2025-03-10,V008,Travel,2491.05,False,
2025-03-10,V035,Travel,1970.43,False,
2025-03-10,V008,Utilities,359.3,False,
2025-03-10,V036,Maintenance,991.61,False,
2025-03-10,V050,Supplies,410.62,False,
2025-03-10,V029,Maintenance,413.23,False,
2025-03-10,V032,Travel,113.16,False,
2025-03-10,V004,Consulting,332.28,False,
2025-03-10,V010,Utilities,1195.45,False,
2025-03-10,V012,Maintenance,674.52,False,
2025-03-11,V001,Supplies,9453.44,False,
2025-03-11,V031,Supplies,293.44,False,
2025-03-11,V015,Utilities,1954.64,False,
2025-03-11,V011,Travel,2999.88,False,
2025-03-11,V044,Travel,98.14,False,
2025-03-11,V031,Utilities,135.28,False,
2025-03-11,V028,Travel,1322.6,False,
2025-03-11,V024,Utilities,189.37,False,
2025-03-11,V021,Utilities,7587.53,False,
2025-03-11,V033,Travel,1676.57,False,
2025-03-11,V008,Utilities,357.61,False,
2025-03-11,V019,Supplies,56.93,False,
2025-03-11,V035,Utilities,488.99,False,
2025-03-11,V030,Supplies,1890.31,False,
2025-03-11,V026,Utilities,4537.78,False,
2025-03-12,V030,Utilities,4461.54,False,
2025-03-12,V034,Maintenance,349.12,False,
2025-03-12,V024,Consulting,801.84,False,
2025-03-12,V010,Travel,4034.33,False,
2025-03-12,V014,Utilities,1154.03,False,
2025-03-12,V009,Maintenance,1402.39,False,
2025-03-12,V012,Maintenance,511.49,False,
2025-03-12,V045,Consulting,463.54,False,
2025-03-12,V036,Utilities,1232.17,False,
2025-03-12,V033,Consulting,28.31,False,
2025-03-12,V038,Utilities,4379.23,False,
2025-03-12,V011,Utilities,472.41,False,
2025-03-12,V022,Travel,1134.48,False,
2025-03-12,V023,Supplies,449.34,False,
2025-03-12,V005,Utilities,563.96,False,
2025-03-13,V022,Supplies,1028.27,False,
2025-03-13,V015,Maintenance,678.65,False,
2025-03-13,V046,Supplies,796.54,False,
2025-03-13,V020,Maintenance,6106.13,False,
2025-03-13,V016,Consulting,156.9,False,
2025-03-13,V015,Supplies,3331.52,False,
2025-03-13,V029,Consulting,553.97,False,
2025-03-13,V006,Utilities,408.6,False,
2025-03-13,V042,Consulting,1706.39,False,
2025-03-13,V011,Consulting,1529.39,False,
2025-03-13,V050,Maintenance,335.67,False,
2025-03-13,V008,Maintenance,343.45,False,
2025-03-13,V011,Travel,368.24,False,
2025-03-13,V017,Travel,34.82,False,
2025-03-13,V009,Utilities,4469.0,True,fabricated
2025-03-13,V002,Consulting,911.92,False,
2025-03-13,V040,Utilities,379.83,False,
2025-03-14,V007,Travel,3501.53,False,
2025-03-14,V015,Maintenance,678.65,True,duplicate
2025-03-14,V021,Travel,942.05,False,
2025-03-14,V002,Supplies,220.61,False,
2025-03-14,V009,Supplies,587.7,False,
2025-03-14,V005,Maintenance,1852.74,False,
2025-03-14,V023,Supplies,5275.42,False,
2025-03-14,V009,Supplies,122.41,False,
2025-03-14,V037,Utilities,257.1,False,
2025-03-14,V030,Utilities,517.31,False,
2025-03-14,V006,Consulting,259.44,False,
2025-03-14,V019,Travel,65979.02,False,
2025-03-14,V028,Utilities,472.4,False,
2025-03-14,V025,Utilities,6486.01,False,
2025-03-14,V013,Consulting,271.01,False,
2025-03-14,V009,Utilities,1198.11,False,
2025-03-14,V044,Travel,4929.9,False,
2025-03-14,V033,Travel,1321.93,False,
2025-03-15,V014,Travel,1555.73,False,
2025-03-15,V023,Maintenance,2092.56,False,
2025-03-15,V040,Consulting,799.42,False,
2025-03-15,V036,Consulting,2311.37,False,
2025-03-15,V030,Maintenance,664.61,False,
2025-03-15,V047,Travel,179.17,False,
2025-03-15,V020,Maintenance,2092.41,False,
2025-03-15,V015,Maintenance,1051.83,False,
2025-03-15,V013,Utilities,87.37,False,
2025-03-15,V020,Utilities,927.44,False,
2025-03-15,V003,Consulting,1699.03,False,
2025-03-15,V020,Consulting,602.54,False,
2025-03-15,V047,Maintenance,303.76,False,
2025-03-15,V008,Utilities,3247.31,False,
2025-03-15,V034,Supplies,2112.77,False,
2025-03-15,V041,Maintenance,94.3,False,
2025-03-15,V006,Consulting,1505.7,False,
2025-03-15,V024,Supplies,9293.61,False,
2025-03-16,V039,Consulting,84.08,False,
2025-03-16,V050,Consulting,753.2,False,
2025-03-16,V050,Consulting,3374.89,False,
2025-03-16,V029,Travel,598.77,False,
2025-03-16,V023,Supplies,1310.33,False,
2025-03-16,V030,Supplies,81.12,False,
2025-03-16,V021,Utilities,26694.55,False,
2025-03-16,V049,Consulting,4543.63,False,
2025-03-16,V024,Utilities,814.58,False,
2025-03-16,V044,Consulting,242.6,False,
2025-03-17,V048,Consulting,2639.3,False,
2025-03-17,V049,Maintenance,166.05,False,
2025-03-17,V029,Travel,1558.02,False,
2025-03-17,V013,Maintenance,450.74,False,
2025-03-17,V019,Utilities,3731.46,False,
2025-03-17,V005,Maintenance,88.52,False,
2025-03-17,V048,Maintenance,86.08,False,
2025-03-17,V025,Travel,112.7,False,
2025-03-17,V003,Consulting,232.54,False,
2025-03-17,V013,Travel,2994.0,False,
2025-03-18,V019,Consulting,602.44,False,
2025-03-18,V003,Travel,4444.01,False,
2025-03-18,V024,Travel,375.06,False,
2025-03-18,V033,Utilities,2994.39,False,
2025-03-18,V020,Consulting,186.33,False,
2025-03-18,V045,Supplies,95.65,False,
2025-03-18,V009,Consulting,685.14,False,
2025-03-18,V036,Travel,166.15,False,
2025-03-18,V049,Utilities,636.78,False,
2025-03-18,V022,Supplies,676.02,False,
2025-03-18,V044,Travel,1734.97,False,
2025-03-18,V014,Consulting,230.6,False,
2025-03-18,V036,Maintenance,877.22,False,
2025-03-19,V014,Supplies,3119.03,False,
2025-03-19,V026,Utilities,13811.99,False,
2025-03-19,V040,Consulting,49.3,False,
2025-03-19,V031,Consulting,1185.55,False,
2025-03-19,V029,Consulting,16579.34,False,
2025-03-19,V015,Consulting,334.35,False,
2025-03-19,V025,Supplies,3739.54,False,
2025-03-19,V024,Travel,3000.0,True,round_number
2025-03-20,V040,Utilities,139.92,False,
2025-03-20,V029,Travel,298.83,False,
2025-03-20,V047,Maintenance,774.7,False,
2025-03-20,V001,Utilities,6029.12,False,
2025-03-20,V029,Travel,214.33,False,
2025-03-20,V005,Maintenance,1329.6,False,
2025-03-20,V047,Consulting,119.0,False,
2025-03-20,V049,Maintenance,554.7,False,
2025-03-20,V039,Maintenance,2102.81,False,
2025-03-20,V009,Utilities,11254.66,False,
2025-03-20,V001,Utilities,56.32,False,
2025-03-20,V044,Travel,2088.7,False,
2025-03-20,V009,Travel,453.47,False,
2025-03-20,V034,Utilities,503.6,False,
2025-03-20,V001,Travel,14101.37,False,
2025-03-20,V011,Maintenance,574.38,False,
2025-03-20,V018,Consulting,2527.7,False,
2025-03-21,V004,Maintenance,490.01,False,
2025-03-21,V005,Supplies,127.74,False,
2025-03-21,V018,Travel,591.13,False,
2025-03-21,V025,Maintenance,4517.08,False,
2025-03-21,V044,Supplies,633.37,False,
2025-03-21,V043,Travel,148.03,False,
2025-03-21,V014,Supplies,1935.15,False,
2025-03-22,V015,Maintenance,232.2,False,
2025-03-22,V032,Utilities,396.72,False,
2025-03-22,V037,Consulting,702.26,False,
2025-03-22,V012,Consulting,471.32,False,
2025-03-22,V001,Utilities,158.79,False,
2025-03-22,V038,Maintenance,425.95,False,
2025-03-22,V026,Maintenance,2581.52,False,
2025-03-22,V014,Utilities,660.98,False,
2025-03-22,V033,Supplies,51.56,False,
2025-03-23,V012,Travel,553.71,False,
2025-03-23,V022,Utilities,81.09,False,
2025-03-23,V022,Consulting,7009.3,False,
2025-03-23,V026,Utilities,1608.17,False,
2025-03-23,V024,Maintenance,314.65,False,
2025-03-23,V028,Maintenance,14.8,False,
2025-03-23,V003,Maintenance,618.36,False,
2025-03-23,V032,Supplies,1316.31,False,
2025-03-23,V027,Supplies,409.32,False,
2025-03-23,V041,Utilities,200.18,False,
2025-03-23,V030,Travel,260.01,False,
2025-03-23,V048,Utilities,5519.57,False,
2025-03-23,V004,Utilities,1253.92,False,
2025-03-23,V030,Utilities,66.75,False,
2025-03-24,V040,Supplies,1100.16,False,
2025-03-24,V002,Travel,9528.36,False,
2025-03-24,V028,Supplies,498.72,False,
2025-03-24,V021,Maintenance,1894.16,False,
2025-03-24,V042,Utilities,4583.18,False,
2025-03-24,V002,Consulting,1023.0,False,
2025-03-24,V019,Consulting,902.7,False,
2025-03-24,V017,Travel,1396.41,False,
2025-03-24,V046,Travel,167.57,False,
2025-03-24,V045,Travel,10993.65,False,
2025-03-24,V001,Consulting,217.52,False,
2025-03-24,V019,Maintenance,202.09,False,
2025-03-24,V046,Travel,111.32,False,
2025-03-24,V050,Travel,57.19,False,
2025-03-25,V026,Maintenance,101.5,False,
2025-03-25,V012,Maintenance,275.04,False,
2025-03-25,V008,Maintenance,224.36,False,
2025-03-25,V021,Travel,20.46,False,
2025-03-25,V041,Maintenance,903.48,False,
2025-03-25,V011,Maintenance,929.7,False,
2025-03-25,V012,Supplies,2386.35,False,
2025-03-25,V024,Supplies,479.98,False,
2025-03-25,V046,Maintenance,1198.01,False,
2025-03-26,V010,Consulting,695.89,False,
2025-03-26,V009,Utilities,1546.04,False,
2025-03-26,V036,Supplies,1125.39,False,
2025-03-26,V025,Consulting,713.04,False,
2025-03-26,V035,Utilities,581.37,False,
2025-03-26,V020,Supplies,391.07,False,
2025-03-26,V009,Consulting,113.0,False,
2025-03-26,V043,Utilities,1079.24,False,
2025-03-26,V042,Utilities,140.95,False,
2025-03-26,V038,Maintenance,76.33,False,
2025-03-26,V012,Supplies,1062.69,False,
2025-03-27,V004,Utilities,288.87,False,
2025-03-27,V046,Maintenance,1322.69,False,
2025-03-27,V014,Utilities,2911.59,False,
2025-03-27,V028,Travel,82.88,False,
2025-03-27,V042,Travel,3209.6,False,
2025-03-27,V023,Maintenance,34.88,False,
2025-03-27,V006,Supplies,115.24,False,
2025-03-27,V044,Travel,196.17,False,
2025-03-27,V041,Consulting,945.7,False,
2025-03-27,V023,Maintenance,1734.85,False,
2025-03-27,V013,Supplies,7832.64,False,
2025-03-27,V012,Consulting,4773.47,False,
2025-03-27,V017,Travel,1761.41,False,
2025-03-27,V021,Consulting,127.21,False,
2025-03-28,V041,Supplies,468.9,False,
2025-03-28,V005,Maintenance,1062.2,False,
2025-03-28,V007,Utilities,501.92,False,
2025-03-28,V042,Supplies,125.15,False,
2025-03-28,V041,Travel,1819.81,False,
2025-03-28,V032,Consulting,278.7,False,
2025-03-28,V004,Travel,2455.74,False,
2025-03-28,V045,Maintenance,135.21,False,
2025-03-28,V030,Utilities,174.67,False,
2025-03-28,V001,Utilities,903.25,False,
2025-03-28,V038,Utilities,869.13,False,
2025-03-28,V029,Consulting,2414.13,False,
2025-03-28,V003,Supplies,5418.99,False,
2025-03-28,V041,Utilities,74.93,False,
2025-03-29,V031,Consulting,169.44,False,
2025-03-29,V027,Consulting,8185.76,False,
2025-03-29,V035,Consulting,86.22,False,
2025-03-29,V032,Consulting,8957.84,False,
2025-03-29,V006,Travel,425.1,False,
2025-03-29,V033,Travel,747.73,False,
2025-03-29,V016,Consulting,172.37,False,
2025-03-29,V026,Maintenance,251.02,False,
2025-03-29,V041,Supplies,612.82,False,
2025-03-29,V008,Travel,627.36,False,
2025-03-29,V020,Supplies,573.27,False,
2025-03-29,V020,Maintenance,317.23,False,
2025-03-29,V038,Utilities,737.46,False,
2025-03-29,V041,Supplies,458.03,False,
2025-03-29,V027,Utilities,80.16,False,
2025-03-29,V011,Maintenance,181.4,False,
2025-03-29,V029,Travel,4163.19,False,
2025-03-29,V013,Supplies,3115.5,False,
2025-03-30,V039,Travel,108.16,False,
2025-03-30,V013,Maintenance,548.1,False,
2025-03-30,V011,Travel,1284.69,False,
2025-03-30,V004,Consulting,728.62,False,
2025-03-30,V021,Utilities,1267.53,False,
2025-03-30,V049,Travel,5900.8,False,
2025-03-30,V023,Utilities,2879.79,False,
2025-03-30,V039,Consulting,276.49,False,
2025-03-30,V048,Consulting,118.89,False,
2025-03-30,V014,Maintenance,2042.18,False,
2025-03-30,V035,Consulting,173.6,False,
2025-03-31,V039,Supplies,94.16,False,
2025-03-31,V040,Travel,375.29,False,
2025-03-31,V046,Consulting,46343.15,False,
2025-03-31,V017,Utilities,161.77,False,
2025-03-31,V041,Utilities,1228.91,False,
2025-03-31,V002,Maintenance,379.55,False,
2025-03-31,V036,Maintenance,4587.97,False,
2025-03-31,V034,Maintenance,311.62,False,
2025-03-31,V024,Maintenance,226.03,False,
2025-03-31,V044,Travel,2057.36,False,
2025-03-31,V033,Maintenance,1869.81,False,
2025-03-31,V041,Supplies,88.98,False,
2025-03-31,V021,Travel,422.17,False,
2025-03-31,V044,Travel,1066.24,False,
2025-03-31,V017,Utilities,554.12,False,
2025-03-31,V045,Maintenance,445.59,False,
2025-03-31,V033,Supplies,950.57,False,
2025-03-31,V004,Utilities,2562.36,False,
2025-03-31,V001,Travel,359.94,False,
2025-03-31,V015,Supplies,118.28,False,
2025-04-01,V024,Consulting,87.85,False,
2025-04-01,V043,Travel,14185.08,False,
2025-04-01,V005,Consulting,837.73,False,
2025-04-01,V046,Supplies,895.64,False,
2025-04-01,V043,Travel,132.1,False,
2025-04-01,V029,Supplies,9089.61,False,
2025-04-01,V020,Utilities,1719.06,False,
2025-04-01,V006,Utilities,178.94,False,
2025-04-01,V028,Consulting,255.72,False,
2025-04-01,V009,Consulting,32.71,False,
2025-04-01,V041,Travel,1711.68,False,
2025-04-01,V028,Travel,832.76,False,
2025-04-01,V036,Maintenance,260.27,False,
2025-04-01,V041,Maintenance,1858.28,False,
2025-04-02,V030,Consulting,3956.18,False,
2025-04-02,V005,Consulting,246.28,False,
2025-04-02,V040,Consulting,57.03,False,
2025-04-02,V025,Utilities,2150.14,False,
2025-04-02,V043,Travel,4925.2,True,below_threshold
2025-04-02,V050,Consulting,511.5,False,
2025-04-02,V040,Supplies,102.99,False,
2025-04-02,V002,Consulting,479.88,False,
2025-04-02,V016,Consulting,172.84,False,
2025-04-02,V005,Utilities,702.26,False,
2025-04-02,V018,Utilities,728.85,False,
2025-04-03,V015,Consulting,249.88,False,
2025-04-03,V050,Supplies,297.21,False,
2025-04-03,V026,Utilities,334.6,False,
2025-04-03,V035,Supplies,748.08,False,
2025-04-03,V041,Supplies,4739.05,False,
2025-04-03,V004,Maintenance,1220.86,False,
2025-04-03,V022,Utilities,604.91,False,
2025-04-03,V012,Maintenance,124.32,False,
2025-04-03,V017,Supplies,540.63,False,
2025-04-03,V017,Maintenance,174.96,False,
2025-04-03,V022,Maintenance,278.42,False,
2025-04-03,V034,Consulting,984.98,False,
2025-04-03,V027,Supplies,178.41,False,
2025-04-04,V016,Travel,871.48,False,
2025-04-04,V015,Utilities,627.01,False,
2025-04-04,V031,Consulting,554.59,False,
2025-04-04,V049,Utilities,1525.86,False,
2025-04-04,V009,Supplies,162.36,False,
2025-04-04,V020,Consulting,203.62,False,
2025-04-04,V012,Utilities,72349.18,False,
2025-04-04,V004,Consulting,10057.44,False,
2025-04-04,V022,Consulting,2183.32,False,
2025-04-04,V017,Supplies,120.88,False,
2025-04-04,V046,Supplies,572.76,False,
2025-04-05,V027,Maintenance,21782.62,False,
2025-04-05,V040,Supplies,7563.94,False,
2025-04-05,V036,Travel,71.22,False,
2025-04-05,V040,Consulting,1863.33,False,
2025-04-05,V024,Travel,1994.08,False,
2025-04-05,V012,Utilities,5284.86,False,
2025-04-05,V044,Travel,362.31,False,
2025-04-05,V028,Travel,202.07,False,
2025-04-05,V039,Maintenance,5691.33,False,
2025-04-05,V022,Supplies,106.84,False,
2025-04-05,V042,Supplies,598.72,False,
2025-04-05,V039,Travel,5677.94,False,
2025-04-05,V005,Maintenance,106.5,False,
2025-04-05,V012,Consulting,2801.11,False,
2025-04-06,V031,Maintenance,328.01,False,
2025-04-06,V019,Consulting,159.78,False,
2025-04-06,V006,Utilities,6214.14,False,
2025-04-06,V008,Consulting,312.62,False,
2025-04-06,V049,Supplies,582.51,False,
2025-04-06,V039,Consulting,1010.27,False,
2025-04-06,V021,Maintenance,202.95,False,
2025-04-06,V038,Supplies,218.45,False,
2025-04-06,V023,Consulting,1804.12,False,
2025-04-06,V013,Consulting,151.57,False,
2025-04-06,V026,Travel,2268.88,False,
2025-04-06,V038,Travel,520.61,False,
2025-04-07,V029,Utilities,4929.61,True,below_threshold
2025-04-07,V046,Utilities,519.15,False,
2025-04-07,V046,Utilities,63.17,False,
2025-04-07,V014,Maintenance,82.42,False,
2025-04-07,V037,Utilities,3573.61,False,
2025-04-07,V007,Utilities,218.68,False,
2025-04-07,V041,Maintenance,4987.5,False,
2025-04-07,V018,Utilities,70.47,False,
2025-04-07,V018,Travel,731.44,False,
2025-04-07,V039,Maintenance,126.26,False,
2025-04-07,V036,Supplies,374.17,False,
2025-04-07,V015,Supplies,2000.0,True,round_number
2025-04-07,V025,Maintenance,1357.3,False,
2025-04-07,V006,Consulting,3233.82,False,
2025-04-07,V043,Supplies,3596.01,False,
2025-04-07,V046,Travel,1946.04,False,
2025-04-07,V045,Maintenance,493.05,False,
2025-04-08,V002,Travel,1375.18,False,
2025-04-08,V010,Supplies,2558.71,False,
2025-04-08,V016,Supplies,557.7,False,
2025-04-08,V013,Maintenance,102.72,False,
2025-04-08,V013,Supplies,2167.88,False,
2025-04-08,V039,Maintenance,5691.33,True,duplicate
2025-04-08,V007,Utilities,1247.04,False,
2025-04-08,V039,Maintenance,12310.51,False,
2025-04-08,V034,Maintenance,94.41,False,
2025-04-08,V023,Supplies,12.71,False,
2025-04-08,V045,Consulting,517.59,False,
2025-04-08,V017,Consulting,23.03,False,
2025-04-08,V017,Maintenance,2784.34,False,
2025-04-09,V036,Utilities,772.4,False,
2025-04-09,V023,Consulting,6518.11,False,
2025-04-09,V047,Utilities,2237.85,True,fabricated
2025-04-09,V043,Utilities,39.56,False,
2025-04-09,V033,Travel,398.19,False,
2025-04-09,V047,Travel,4960.77,True,below_threshold
2025-04-09,V021,Travel,692.56,False,
2025-04-09,V041,Utilities,125.98,False,
2025-04-09,V035,Travel,3353.08,False,
2025-04-09,V015,Consulting,4534.78,False,
2025-04-09,V029,Travel,7195.02,False,
2025-04-09,V020,Travel,1504.02,False,
2025-04-09,V017,Consulting,38290.3,False,
2025-04-09,V006,Maintenance,60.0,False,
2025-04-09,V037,Supplies,15595.06,False,
2025-04-09,V020,Utilities,59.78,False,
2025-04-10,V036,Utilities,545.41,False,
2025-04-10,V047,Travel,2391.71,False,
2025-04-10,V011,Utilities,3720.37,False,
2025-04-10,V046,Supplies,17684.85,False,
2025-04-10,V028,Travel,153.99,False,
2025-04-10,V019,Supplies,3422.38,False,
2025-04-10,V012,Utilities,413.42,False,
2025-04-10,V016,Travel,1427.33,False,
2025-04-11,V050,Travel,920.6,False,
2025-04-11,V007,Consulting,3868.14,False,
2025-04-11,V006,Consulting,243.26,False,
2025-04-11,V045,Travel,8072.14,False,
2025-04-11,V018,Consulting,192.44,False,
2025-04-11,V027,Consulting,6771.85,False,
2025-04-11,V033,Travel,280.75,False,
2025-04-11,V024,Travel,550.31,False,
2025-04-11,V012,Consulting,667.66,False,
2025-04-11,V011,Utilities,779.21,False,
2025-04-11,V036,Maintenance,94.48,False,
2025-04-11,V005,Supplies,4780.6,True,below_threshold
2025-04-11,V027,Utilities,5373.49,False,
2025-04-11,V038,Supplies,2490.5,False,
2025-04-12,V033,Utilities,1718.6,False,
2025-04-12,V004,Supplies,865.0,False,
2025-04-12,V050,Consulting,724.65,False,
2025-04-12,V032,Consulting,4514.87,False,
2025-04-12,V028,Travel,75.99,False,
2025-04-12,V026,Maintenance,701.66,False,
2025-04-12,V026,Consulting,6213.36,False,
2025-04-12,V026,Supplies,1173.51,False,
2025-04-12,V043,Maintenance,311.56,False,
2025-04-12,V003,Maintenance,429.24,False,
2025-04-13,V021,Utilities,463.57,False,
2025-04-13,V002,Utilities,13727.63,False,
2025-04-13,V015,Utilities,2045.59,False,
2025-04-13,V044,Utilities,2704.12,False,
2025-04-13,V020,Utilities,500.71,False,
2025-04-13,V043,Consulting,2000.27,False,
2025-04-13,V004,Utilities,48.81,False,
2025-04-13,V009,Utilities,106.13,False,
2025-04-13,V022,Utilities,4912.56,True,below_threshold
2025-04-13,V047,Utilities,232.48,False,
2025-04-13,V031,Utilities,364.91,False,
2025-04-13,V035,Utilities,105.87,False,
2025-04-13,V028,Utilities,641.19,False,
2025-04-14,V009,Maintenance,302.68,False,
2025-04-14,V023,Utilities,70.38,False,
2025-04-14,V015,Supplies,115.3,False,
2025-04-14,V012,Supplies,83.35,False,
2025-04-14,V010,Travel,3827.05,False,
2025-04-14,V044,Supplies,247.79,False,
2025-04-14,V011,Supplies,9849.43,False,
2025-04-14,V003,Maintenance,1331.38,False,
2025-04-14,V015,Consulting,1559.05,False,
2025-04-14,V002,Travel,797.17,False,
2025-04-14,V019,Maintenance,461.11,False,
2025-04-14,V047,Travel,2791.1,False,
2025-04-14,V024,Utilities,449.3,False,
2025-04-14,V049,Utilities,2416.64,False,
2025-04-14,V015,Travel,342.97,False,
2025-04-14,V036,Supplies,142.67,False,
2025-04-14,V017,Utilities,297.47,False,
2025-04-14,V004,Maintenance,320.15,False,
2025-04-15,V001,Supplies,6739.09,False,
2025-04-15,V024,Maintenance,127.12,False,
2025-04-15,V013,Consulting,32.2,False,
2025-04-15,V016,Utilities,166.96,False,
2025-04-15,V009,Travel,5574.74,False,
2025-04-15,V026,Consulting,486.43,False,
2025-04-15,V034,Maintenance,273.88,False,
2025-04-15,V044,Supplies,3298.51,False,
2025-04-15,V012,Maintenance,528.2,False,
2025-04-15,V029,Travel,508.01,False,
2025-04-15,V007,Consulting,2417.74,False,
2025-04-16,V027,Travel,345.45,False,
2025-04-16,V010,Utilities,500.69,False,
2025-04-16,V022,Supplies,103.43,False,
2025-04-16,V012,Supplies,383.73,False,
2025-04-16,V045,Supplies,707.98,False,
2025-04-16,V037,Utilities,7102.41,False,
2025-04-16,V039,Consulting,144.33,False,
2025-04-16,V002,Supplies,1259.39,False,
2025-04-16,V039,Travel,1171.1,False,
2025-04-16,V023,Utilities,279.72,False,
2025-04-16,V030,Supplies,379.78,False,
2025-04-16,V025,Consulting,671.75,False,
2025-04-16,V023,Maintenance,6190.37,False,
2025-04-16,V021,Utilities,358.77,False,
2025-04-16,V046,Utilities,2956.15,False,
2025-04-16,V048,Supplies,3778.44,False,
2025-04-16,V033,Consulting,395.66,False,
2025-04-16,V041,Maintenance,32.1,False,
2025-04-16,V046,Travel,257.41,False,
2025-04-16,V050,Utilities,110.49,False,
2025-04-16,V009,Consulting,2241.0,False,
2025-04-16,V002,Travel,104.3,False,
2025-04-17,V031,Utilities,8822.99,False,
2025-04-17,V015,Maintenance,977.36,False,
2025-04-17,V012,Consulting,22.02,False,
2025-04-17,V023,Maintenance,237.61,False,
2025-04-17,V035,Consulting,625.19,False,
2025-04-17,V026,Consulting,1886.94,False,
2025-04-17,V008,Travel,359.18,False,
2025-04-17,V032,Utilities,141.18,False,
2025-04-17,V035,Supplies,186.45,False,
2025-04-17,V031,Maintenance,126.21,False,
2025-04-17,V022,Travel,230.11,False,
2025-04-17,V050,Consulting,393.45,False,
2025-04-17,V016,Supplies,136.18,False,
2025-04-18,V010,Consulting,334.67,False,
2025-04-18,V007,Utilities,468.88,False,
2025-04-18,V036,Maintenance,486.75,False,
2025-04-18,V011,Utilities,563.59,False,
2025-04-18,V021,Travel,3439.64,False,
2025-04-18,V035,Travel,831.67,False,
2025-04-18,V006,Supplies,143.76,False,
2025-04-18,V036,Maintenance,486.75,True,duplicate
2025-04-18,V011,Consulting,458.97,False,
2025-04-18,V010,Travel,40.18,False,
2025-04-18,V040,Maintenance,1002.69,False,
2025-04-18,V012,Utilities,74.7,False,
2025-04-18,V031,Utilities,1127.14,False,
2025-04-19,V002,Consulting,632.53,False,
2025-04-19,V029,Utilities,608.4,False,
2025-04-19,V029,Consulting,606.24,False,
2025-04-19,V033,Consulting,4572.59,False,
2025-04-19,V024,Maintenance,4464.84,False,
2025-04-19,V007,Travel,479.69,False,
2025-04-19,V022,Travel,643.29,False,
2025-04-19,V004,Consulting,117.23,False,
2025-04-19,V028,Maintenance,155.28,False,
2025-04-19,V041,Consulting,761.21,False,
2025-04-19,V050,Consulting,2734.85,False,
2025-04-19,V004,Maintenance,695.83,False,
2025-04-19,V011,Travel,4515.16,False,
2025-04-20,V030,Maintenance,1209.94,False,
2025-04-20,V021,Supplies,33767.7,False,
2025-04-20,V026,Supplies,1462.62,False,
2025-04-20,V011,Maintenance,107.49,False,
2025-04-20,V010,Maintenance,18339.34,False,
2025-04-20,V003,Maintenance,872.63,False,
2025-04-20,V016,Supplies,5596.71,False,
2025-04-20,V047,Supplies,219.25,False,
2025-04-20,V016,Maintenance,575.14,False,
2025-04-20,V030,Consulting,643.14,False,
2025-04-20,V038,Utilities,2347.46,False,
2025-04-20,V038,Utilities,12.39,False,
2025-04-20,V029,Maintenance,401.29,False,
2025-04-20,V007,Utilities,234.68,False,
2025-04-20,V022,Consulting,3194.06,False,
2025-04-20,V034,Consulting,484.51,False,
2025-04-21,V015,Maintenance,1568.48,False,
2025-04-21,V036,Supplies,249.37,False,
2025-04-21,V037,Consulting,423.15,False,
2025-04-21,V005,Utilities,19.98,False,
2025-04-21,V007,Consulting,524.03,False,
2025-04-21,V028,Consulting,1628.48,False,
2025-04-21,V042,Maintenance,1888.96,False,
2025-04-21,V004,Supplies,1165.29,False,
2025-04-21,V015,Consulting,939.86,False,
2025-04-21,V043,Supplies,97.88,False,
2025-04-21,V015,Maintenance,809.1,False,
2025-04-21,V020,Maintenance,1499.79,False,
2025-04-21,V026,Utilities,36.45,False,
2025-04-21,V022,Consulting,2077.57,False,
2025-04-21,V020,Maintenance,445.91,False,
2025-04-21,V025,Supplies,445.74,False,
2025-04-21,V020,Travel,656.52,False,
2025-04-21,V050,Travel,569.61,False,
2025-04-21,V015,Maintenance,63.49,False,
2025-04-22,V049,Utilities,1482.87,False,
2025-04-22,V035,Travel,1522.77,False,
2025-04-22,V050,Supplies,3363.13,False,
2025-04-22,V025,Maintenance,154.13,False,
2025-04-22,V001,Travel,1543.1,False,
2025-04-22,V041,Supplies,4944.42,False,
2025-04-22,V042,Utilities,1255.08,False,
2025-04-22,V003,Consulting,131.11,False,
2025-04-22,V007,Maintenance,1774.04,False,
2025-04-22,V024,Supplies,214.29,False,
2025-04-22,V034,Consulting,856.41,False,
2025-04-22,V038,Supplies,325.37,False,
2025-04-22,V025,Consulting,460.76,False,
2025-04-23,V048,Supplies,21791.78,False,
2025-04-23,V014,Consulting,262.27,False,
2025-04-23,V005,Supplies,3959.95,False,
2025-04-23,V045,Consulting,77.51,False,
2025-04-23,V008,Consulting,45.6,False,
2025-04-23,V047,Travel,3460.35,False,
2025-04-23,V033,Supplies,332.59,False,
2025-04-23,V046,Travel,1817.71,False,
2025-04-23,V026,Utilities,1004.06,False,
2025-04-23,V049,Maintenance,201.15,False,
2025-04-23,V020,Supplies,16836.38,False,
2025-04-23,V004,Utilities,677.78,False,
2025-04-23,V039,Consulting,1349.65,False,
2025-04-23,V037,Travel,2890.76,True,duplicate
2025-04-23,V043,Travel,701.15,False,
2025-04-23,V030,Supplies,668.56,False,
2025-04-23,V037,Travel,2890.76,False,
2025-04-23,V031,Utilities,6504.08,False,
2025-04-24,V038,Utilities,5057.74,False,
2025-04-24,V026,Travel,748.6,False,
2025-04-24,V020,Travel,5227.6,False,
2025-04-24,V015,Travel,135.76,False,
2025-04-24,V044,Travel,224.86,False,
2025-04-24,V046,Maintenance,45.98,False,
2025-04-24,V006,Supplies,676.33,False,
2025-04-24,V027,Travel,199.78,False,
2025-04-24,V019,Consulting,516.83,False,
2025-04-25,V013,Utilities,72.1,False,
2025-04-25,V003,Travel,46.01,False,
2025-04-25,V018,Supplies,5345.54,False,
2025-04-25,V037,Travel,661.96,False,
2025-04-25,V048,Supplies,187.63,False,
2025-04-25,V008,Maintenance,585.05,False,
2025-04-25,V013,Travel,4516.35,False,
2025-04-25,V014,Maintenance,295.37,False,
2025-04-25,V022,Utilities,1680.68,False,
2025-04-25,V030,Supplies,207.99,False,
2025-04-25,V008,Supplies,2560.67,False,
2025-04-25,V034,Travel,159.24,False,
2025-04-25,V040,Maintenance,509.23,False,
2025-04-25,V014,Consulting,966.14,False,
2025-04-25,V019,Maintenance,1986.52,False,
2025-04-25,V047,Supplies,1503.97,False,
2025-04-26,V016,Maintenance,481.48,False,
2025-04-26,V038,Travel,14486.91,False,
2025-04-26,V004,Supplies,1090.05,False,
2025-04-26,V029,Supplies,190.91,False,
2025-04-26,V030,Maintenance,265.73,False,
2025-04-26,V028,Utilities,1555.59,False,
2025-04-26,V018,Supplies,1600.98,False,
2025-04-26,V029,Supplies,15756.03,False,
2025-04-26,V023,Utilities,547.44,False,
2025-04-26,V036,Travel,570.47,False,
2025-04-26,V022,Utilities,1750.78,False,
2025-04-26,V029,Supplies,645.77,False,
2025-04-26,V030,Maintenance,556.0,False,
2025-04-26,V031,Utilities,379.67,False,
2025-04-27,V034,Maintenance,3574.24,False,
2025-04-27,V033,Travel,2466.73,False,
2025-04-27,V049,Utilities,4723.37,False,
2025-04-27,V025,Supplies,791.02,False,
2025-04-27,V046,Supplies,2286.35,False,
2025-04-27,V003,Maintenance,276.41,False,
2025-04-27,V010,Supplies,1592.08,False,
2025-04-27,V031,Travel,473.54,False,
2025-04-27,V001,Utilities,140.56,False,
2025-04-27,V031,Utilities,24.89,False,
2025-04-27,V004,Consulting,233.23,False,
2025-04-27,V041,Consulting,291.83,False,
2025-04-27,V016,Consulting,774.31,False,
2025-04-27,V004,Utilities,3320.2,False,
2025-04-27,V022,Consulting,509.06,False,
2025-04-28,V013,Supplies,1620.01,False,
2025-04-28,V016,Consulting,623.08,False,
2025-04-28,V038,Maintenance,3531.31,False,
2025-04-28,V023,Travel,3544.33,False,
2025-04-28,V014,Utilities,556.63,False,
2025-04-28,V010,Utilities,1116.89,False,
2025-04-28,V028,Utilities,513.62,False,
2025-04-28,V047,Supplies,5461.13,False,
2025-04-28,V025,Maintenance,34.27,False,
2025-04-28,V008,Consulting,3341.79,False,
2025-04-28,V043,Maintenance,14.81,False,
2025-04-28,V037,Utilities,551.3,False,
2025-04-28,V020,Travel,503.09,False,
2025-04-28,V040,Maintenance,1000.15,False,
2025-04-28,V007,Maintenance,701.46,False,
2025-04-28,V028,Consulting,22657.53,False,
2025-04-29,V035,Supplies,599.36,False,
2025-04-29,V004,Consulting,914.66,False,
2025-04-29,V005,Supplies,467.83,False,
2025-04-29,V021,Consulting,348.83,False,
2025-04-29,V028,Consulting,913.48,False,
2025-04-29,V002,Utilities,468.33,False,
2025-04-29,V036,Maintenance,342.23,False,
2025-04-29,V017,Consulting,196.03,False,
2025-04-29,V037,Travel,538.59,False,
2025-04-29,V035,Consulting,674.4,False,
2025-04-29,V015,Supplies,2277.5,False,
2025-04-29,V001,Supplies,1016.37,False,
2025-04-29,V013,Supplies,990.3,False,
2025-04-29,V037,Maintenance,157.03,False,
2025-04-30,V013,Consulting,333.57,False,
2025-04-30,V039,Utilities,187.98,False,
2025-04-30,V030,Supplies,10482.18,False,
2025-04-30,V016,Consulting,1004.34,False,
2025-04-30,V002,Maintenance,810.47,False,
2025-04-30,V050,Utilities,579.68,False,
2025-04-30,V044,Travel,358.83,False,
2025-04-30,V021,Utilities,581.81,False,
2025-04-30,V017,Travel,624.66,False,
2025-04-30,V012,Travel,414.35,False,
2025-04-30,V016,Maintenance,583.17,False,
2025-04-30,V010,Supplies,354.17,False,
2025-04-30,V024,Consulting,1306.39,False,
2025-04-30,V028,Utilities,1633.96,False,
2025-04-30,V037,Travel,1776.09,False,
2025-04-30,V003,Consulting,24.81,False,
2025-04-30,V024,Utilities,471.78,False,
2025-05-01,V007,Consulting,678.44,False,
2025-05-01,V035,Travel,909.61,False,
2025-05-01,V046,Consulting,251.71,False,
2025-05-01,V029,Travel,4442.25,False,
2025-05-01,V017,Travel,565.56,False,
2025-05-01,V006,Supplies,45.91,False,
2025-05-01,V004,Maintenance,4756.16,True,below_threshold
2025-05-01,V020,Consulting,371.87,False,
2025-05-01,V032,Consulting,782.93,False,
2025-05-01,V021,Travel,1099.61,False,
2025-05-01,V046,Travel,240.7,False,
2025-05-01,V004,Maintenance,1486.82,False,
2025-05-01,V037,Travel,583.51,False,
2025-05-01,V044,Maintenance,309.89,False,
2025-05-01,V043,Utilities,124.7,False,
2025-05-01,V042,Supplies,1721.46,False,
2025-05-02,V041,Maintenance,580.89,False,
2025-05-02,V027,Maintenance,876.16,False,
2025-05-02,V008,Travel,204.89,False,
2025-05-02,V014,Supplies,43.31,False,
2025-05-02,V037,Consulting,10632.97,False,
2025-05-02,V048,Supplies,310.45,False,
2025-05-02,V047,Consulting,918.42,False,
2025-05-02,V004,Consulting,242.74,False,
2025-05-02,V014,Utilities,121.06,False,
2025-05-02,V011,Consulting,2850.48,False,
2025-05-02,V018,Supplies,1125.97,False,
2025-05-02,V032,Travel,312.45,False,
2025-05-02,V043,Consulting,1012.67,False,
2025-05-03,V005,Travel,601.79,False,
2025-05-03,V043,Travel,741.7,False,
2025-05-03,V015,Utilities,119.43,False,
2025-05-03,V025,Utilities,1318.55,False,
2025-05-03,V034,Maintenance,70.21,False,
2025-05-03,V015,Utilities,119.43,True,duplicate
2025-05-03,V040,Supplies,68.09,False,
2025-05-03,V012,Supplies,6315.45,False,
2025-05-03,V021,Travel,769.26,False,
2025-05-03,V015,Maintenance,92.27,False,
2025-05-03,V007,Supplies,772.7,False,
2025-05-03,V022,Utilities,1862.34,False,
2025-05-03,V018,Consulting,7.21,False,
2025-05-03,V008,Consulting,3179.53,False,
2025-05-04,V032,Travel,179.4,False,
2025-05-04,V047,Maintenance,45.04,False,
2025-05-04,V029,Consulting,843.4,False,
2025-05-04,V016,Utilities,1471.12,False,
2025-05-04,V021,Utilities,1469.86,False,
2025-05-04,V001,Supplies,2028.62,False,
2025-05-04,V023,Utilities,1005.93,False,
2025-05-04,V042,Maintenance,79.99,False,
2025-05-04,V012,Travel,525.67,False,
2025-05-04,V050,Supplies,1161.41,False,
2025-05-04,V009,Maintenance,724.5,False,
2025-05-04,V029,Utilities,1114.57,False,
2025-05-04,V007,Consulting,447.46,False,
2025-05-04,V043,Utilities,913.74,False,
2025-05-04,V046,Supplies,494.08,False,
2025-05-04,V046,Supplies,307.09,False,
2025-05-04,V031,Utilities,287.41,False,
2025-05-04,V037,Maintenance,580.55,False,
2025-05-04,V035,Supplies,2190.33,False,
2025-05-05,V050,Consulting,2203.85,False,
2025-05-05,V050,Travel,950.8,False,
2025-05-05,V006,Utilities,4913.17,False,
2025-05-05,V014,Maintenance,904.8,False,
2025-05-05,V034,Supplies,2093.43,False,
2025-05-05,V049,Maintenance,76.47,False,
2025-05-05,V028,Travel,956.1,False,
2025-05-05,V024,Maintenance,289.06,False,
2025-05-05,V044,Consulting,2075.99,False,
2025-05-05,V031,Utilities,1406.67,False,
2025-05-05,V012,Consulting,1186.0,False,
2025-05-05,V006,Travel,73.44,False,
2025-05-05,V011,Consulting,53.29,False,
2025-05-05,V013,Supplies,387.44,False,
2025-05-06,V033,Utilities,184.01,False,
2025-05-06,V049,Utilities,10544.66,False,
2025-05-06,V027,Supplies,379.2,False,
2025-05-06,V017,Consulting,1577.93,False,
2025-05-06,V047,Maintenance,107.73,False,
2025-05-06,V046,Supplies,328.37,False,
2025-05-06,V002,Travel,102.68,False,
2025-05-06,V027,Supplies,5310.07,False,
2025-05-06,V018,Supplies,171.37,False,
2025-05-06,V015,Maintenance,133.36,False,
2025-05-06,V050,Utilities,760.03,False,
2025-05-06,V008,Supplies,1148.33,False,
2025-05-06,V035,Utilities,4979.07,True,below_threshold
2025-05-06,V005,Supplies,93.19,False,
2025-05-06,V024,Maintenance,2997.38,False,
2025-05-06,V003,Utilities,1449.18,False,
2025-05-06,V043,Utilities,85.56,False,
2025-05-07,V030,Travel,323.96,False,
2025-05-07,V049,Maintenance,2977.85,False,
2025-05-07,V034,Consulting,907.13,False,
2025-05-07,V029,Supplies,575.06,False,
2025-05-07,V038,Consulting,20624.83,False,
2025-05-07,V032,Travel,1809.07,False,
2025-05-07,V005,Utilities,65.02,False,
2025-05-07,V006,Maintenance,889.93,False,
2025-05-07,V041,Maintenance,4125.42,False,
2025-05-07,V017,Utilities,450.67,False,
2025-05-07,V004,Maintenance,406.79,False,
2025-05-07,V015,Utilities,481.34,False,
2025-05-07,V031,Supplies,404.83,False,
2025-05-08,V017,Utilities,281.82,False,
2025-05-08,V035,Travel,4806.6,True,below_threshold
2025-05-08,V004,Utilities,3191.07,False,
2025-05-08,V001,Consulting,291.85,False,
2025-05-08,V048,Utilities,2845.67,False,
2025-05-08,V021,Utilities,474.55,False,
2025-05-08,V043,Travel,1451.9,False,
2025-05-08,V015,Maintenance,281.62,False,
2025-05-08,V046,Consulting,7855.8,False,
2025-05-08,V046,Utilities,2395.09,False,
2025-05-08,V027,Supplies,12.47,False,
2025-05-08,V031,Supplies,1813.86,False,
2025-05-09,V038,Travel,407.58,False,
2025-05-09,V022,Utilities,731.15,False,
2025-05-09,V027,Consulting,1284.19,False,
2025-05-09,V023,Maintenance,1906.86,False,
2025-05-09,V037,Travel,661.48,False,
2025-05-09,V034,Utilities,87.95,False,
2025-05-09,V010,Utilities,3000.0,True,round_number
2025-05-09,V014,Supplies,7272.38,False,
2025-05-09,V011,Maintenance,869.5,False,
2025-05-09,V038,Utilities,266.35,False,
2025-05-09,V021,Consulting,24.66,False,
2025-05-09,V006,Consulting,2180.4,False,
2025-05-10,V005,Supplies,3762.02,False,
2025-05-10,V031,Travel,1625.98,False,
2025-05-10,V029,Consulting,88.75,False,
2025-05-10,V023,Utilities,1288.99,False,
2025-05-10,V041,Maintenance,173.66,False,
2025-05-10,V026,Maintenance,2970.55,False,
2025-05-11,V022,Consulting,112.08,False,
2025-05-11,V033,Utilities,7252.28,False,
2025-05-11,V019,Maintenance,774.19,False,
2025-05-11,V005,Supplies,1121.55,False,
2025-05-11,V005,Maintenance,139.26,False,
2025-05-11,V007,Consulting,2097.73,False,
2025-05-12,V020,Supplies,1669.9,False,
2025-05-12,V034,Maintenance,4937.82,False,
2025-05-12,V017,Consulting,1777.55,False,
2025-05-12,V012,Supplies,335.3,False,
2025-05-12,V043,Supplies,654.51,False,
2025-05-12,V011,Supplies,2301.68,False,
2025-05-12,V012,Travel,168.55,False,
2025-05-12,V008,Supplies,284.11,False,
2025-05-12,V012,Travel,605.06,False,
2025-05-12,V023,Utilities,649.73,False,
2025-05-12,V041,Consulting,48.1,False,
2025-05-12,V007,Consulting,63.08,False,
2025-05-12,V049,Supplies,2671.58,False,
2025-05-12,V024,Maintenance,488.32,False,
2025-05-12,V032,Maintenance,523.16,False,
2025-05-12,V018,Consulting,861.76,False,
2025-05-12,V016,Consulting,27453.1,False,
2025-05-13,V005,Maintenance,216.34,False,
2025-05-13,V012,Travel,7672.62,False,
2025-05-13,V049,Maintenance,1331.82,False,
2025-05-13,V049,Utilities,274.68,False,
2025-05-13,V002,Supplies,360.62,False,
2025-05-13,V015,Travel,4807.04,True,below_threshold
2025-05-13,V024,Maintenance,2697.63,False,
2025-05-13,V004,Supplies,240.32,False,
2025-05-13,V049,Consulting,1507.05,False,
2025-05-13,V009,Travel,8510.46,False,
2025-05-13,V017,Utilities,7795.95,False,
2025-05-14,V026,Travel,8266.03,True,fabricated
2025-05-14,V002,Utilities,537.01,False,
2025-05-14,V036,Supplies,135.35,False,
2025-05-14,V035,Travel,9.54,False,
2025-05-14,V016,Maintenance,3979.89,False,
2025-05-14,V023,Consulting,33410.13,False,
2025-05-14,V026,Utilities,556.77,False,
2025-05-14,V040,Utilities,9315.86,False,
2025-05-14,V031,Consulting,40.11,False,
2025-05-14,V022,Utilities,544.74,False,
2025-05-14,V008,Supplies,2023.1,False,
2025-05-14,V023,Utilities,4826.91,True,below_threshold
2025-05-14,V008,Consulting,283.38,False,
2025-05-14,V027,Supplies,6575.32,False,
2025-05-14,V037,Supplies,141.96,False,
2025-05-15,V030,Utilities,183.8,False,
2025-05-15,V042,Consulting,968.14,False,
2025-05-15,V001,Travel,534.82,False,
2025-05-15,V029,Supplies,112.37,False,
2025-05-15,V002,Maintenance,2035.39,False,
2025-05-15,V044,Travel,478.69,False,
2025-05-15,V041,Maintenance,116.31,False,
2025-05-15,V026,Travel,4198.31,False,
2025-05-15,V003,Consulting,933.22,False,
2025-05-15,V039,Maintenance,645.83,False,
2025-05-15,V023,Supplies,125.91,False,
2025-05-15,V004,Supplies,240.32,True,duplicate
2025-05-15,V026,Supplies,636.55,False,
2025-05-15,V029,Utilities,122.32,False,
2025-05-15,V007,Travel,415.33,False,
2025-05-16,V013,Supplies,22114.61,False,
2025-05-16,V040,Consulting,9551.74,False,
2025-05-16,V001,Travel,748.74,False,
2025-05-16,V036,Maintenance,2437.46,False,
2025-05-16,V050,Travel,193.89,False,
2025-05-16,V046,Maintenance,87.8,False,
2025-05-16,V035,Consulting,689.98,False,
2025-05-16,V025,Utilities,284.86,False,
2025-05-16,V038,Utilities,15144.57,False,
2025-05-16,V043,Travel,630.81,False,
2025-05-16,V024,Utilities,8476.37,False,
2025-05-16,V028,Utilities,384.59,False,
2025-05-16,V023,Utilities,388.07,False,
2025-05-16,V001,Supplies,1650.61,False,
2025-05-16,V041,Maintenance,24.46,False,
2025-05-16,V026,Maintenance,115.17,False,
2025-05-17,V014,Consulting,399.43,False,
2025-05-17,V027,Travel,660.99,False,
2025-05-17,V012,Supplies,977.33,False,
2025-05-17,V010,Maintenance,84.5,False,
2025-05-17,V041,Travel,42.35,False,
2025-05-17,V003,Supplies,150.89,False,
2025-05-17,V035,Maintenance,539.75,False,
2025-05-17,V013,Travel,117.68,False,
2025-05-17,V025,Supplies,153.96,False,
2025-05-17,V015,Maintenance,259.66,False,
2025-05-17,V028,Maintenance,84.54,False,
2025-05-17,V050,Supplies,596.87,False,
2025-05-18,V026,Travel,771.64,False,
2025-05-18,V028,Utilities,495.14,False,
2025-05-18,V015,Consulting,45.61,False,
2025-05-18,V035,Supplies,279.97,False,
2025-05-18,V002,Maintenance,154.24,False,
2025-05-18,V035,Utilities,247.57,False,
2025-05-18,V006,Consulting,2302.34,False,
2025-05-18,V009,Supplies,1264.9,False,
2025-05-18,V035,Supplies,86.98,False,
2025-05-19,V020,Utilities,479.9,False,
2025-05-19,V020,Maintenance,992.46,False,
2025-05-19,V033,Maintenance,609.38,False,
2025-05-19,V019,Consulting,326.9,False,
2025-05-19,V025,Utilities,2024.13,False,
2025-05-19,V022,Travel,286.15,False,
2025-05-19,V015,Supplies,357.66,False,
2025-05-19,V024,Supplies,295.62,False,
2025-05-19,V001,Supplies,210.93,False,
2025-05-19,V036,Consulting,122.38,False,
2025-05-19,V026,Supplies,563.15,False,
2025-05-19,V018,Consulting,477.01,False,
2025-05-19,V040,Maintenance,225.58,False,
2025-05-19,V049,Utilities,210.4,False,
2025-05-19,V006,Utilities,395.28,False,
2025-05-19,V034,Travel,5664.48,False,
2025-05-19,V032,Consulting,1092.83,False,
2025-05-20,V007,Utilities,289.4,False,
2025-05-20,V015,Consulting,656.1,False,
2025-05-20,V027,Utilities,83.68,False,
2025-05-20,V006,Travel,913.51,False,
2025-05-20,V010,Travel,153.77,False,
2025-05-20,V024,Maintenance,434.19,False,
2025-05-20,V019,Maintenance,33.32,False,
2025-05-20,V022,Maintenance,458.06,False,
2025-05-20,V017,Maintenance,223.48,False,
2025-05-20,V024,Consulting,212.06,False,
2025-05-20,V018,Consulting,92.93,False,
2025-05-21,V032,Consulting,882.67,False,
2025-05-21,V004,Travel,965.15,False,
2025-05-21,V017,Consulting,19309.53,False,
2025-05-21,V001,Travel,12609.15,False,
2025-05-21,V002,Utilities,348.88,False,
2025-05-21,V016,Utilities,4834.2,True,below_threshold
2025-05-21,V038,Travel,109.75,False,
2025-05-21,V005,Consulting,843.41,False,
2025-05-21,V039,Maintenance,6333.02,False,
2025-05-21,V017,Consulting,35.47,False,
2025-05-21,V026,Travel,2051.72,False,
2025-05-21,V022,Utilities,719.12,False,
2025-05-22,V050,Supplies,1230.72,False,
2025-05-22,V022,Utilities,312.68,False,
2025-05-22,V013,Travel,35.17,False,
2025-05-22,V044,Maintenance,1080.51,False,
2025-05-22,V047,Utilities,1306.84,False,
2025-05-22,V047,Maintenance,614.03,False,
2025-05-22,V022,Travel,7236.5,False,
2025-05-22,V049,Utilities,10.45,False,
2025-05-22,V013,Utilities,85.97,False,
2025-05-23,V025,Supplies,201.81,False,
2025-05-23,V049,Travel,226.71,True,fabricated
2025-05-23,V033,Utilities,266.26,False,
2025-05-23,V008,Utilities,1471.84,False,
2025-05-23,V029,Supplies,327.92,False,
2025-05-23,V043,Maintenance,45.85,False,
2025-05-23,V047,Utilities,393.39,False,
2025-05-23,V044,Consulting,755.87,False,
2025-05-23,V014,Consulting,1273.14,False,
2025-05-23,V019,Travel,22.12,False,
2025-05-23,V036,Supplies,322.23,False,
2025-05-23,V013,Supplies,943.01,False,
2025-05-24,V034,Consulting,1212.25,False,
2025-05-24,V003,Consulting,463.71,False,
2025-05-24,V044,Supplies,6910.95,False,
2025-05-24,V049,Utilities,872.45,False,
2025-05-24,V030,Supplies,1495.47,False,
2025-05-24,V009,Consulting,848.85,False,
2025-05-24,V023,Travel,1257.05,False,
2025-05-24,V028,Travel,119.04,False,
2025-05-24,V029,Travel,1919.33,False,
2025-05-24,V018,Maintenance,518.93,False,
2025-05-24,V024,Consulting,3020.54,False,
2025-05-24,V028,Utilities,51.6,False,
2025-05-24,V018,Consulting,3039.0,False,
2025-05-24,V043,Travel,1163.97,False,
2025-05-24,V031,Supplies,606.46,False,
2025-05-24,V013,Consulting,4743.48,False,
2025-05-24,V018,Consulting,331.46,False,
2025-05-24,V029,Supplies,621.06,False,
2025-05-24,V013,Consulting,671.58,False,
2025-05-25,V010,Consulting,180.4,False,
2025-05-25,V025,Travel,638.19,False,
2025-05-25,V034,Maintenance,1991.9,False,
2025-05-25,V050,Maintenance,15006.67,False,
2025-05-25,V013,Travel,850.59,False,
2025-05-25,V023,Supplies,1064.55,False,
2025-05-25,V050,Supplies,20.16,False,
2025-05-25,V016,Maintenance,250.07,False,
2025-05-25,V001,Maintenance,54.45,False,
2025-05-25,V040,Consulting,14.87,False,
2025-05-25,V002,Utilities,1328.52,False,
2025-05-25,V045,Supplies,475.29,False,
2025-05-26,V018,Maintenance,423.41,False,
2025-05-26,V035,Travel,834.42,False,
2025-05-26,V050,Utilities,11719.71,False,
2025-05-26,V040,Maintenance,890.14,False,
2025-05-26,V044,Travel,192.88,False,
2025-05-26,V023,Maintenance,469.6,False,
2025-05-26,V015,Travel,1101.52,False,
2025-05-26,V028,Supplies,1061.19,False,
2025-05-26,V049,Supplies,282.3,False,
2025-05-26,V029,Travel,5145.25,False,
2025-05-27,V028,Utilities,1831.66,False,
2025-05-27,V001,Utilities,2833.37,False,
2025-05-27,V043,Consulting,728.52,False,
2025-05-27,V031,Travel,2000.0,True,round_number
2025-05-27,V017,Supplies,743.03,False,
2025-05-27,V001,Consulting,544.94,False,
2025-05-27,V020,Travel,1087.38,False,
2025-05-27,V046,Utilities,595.5,False,
2025-05-27,V022,Utilities,1413.7,False,
2025-05-27,V013,Consulting,1809.13,False,
2025-05-27,V018,Maintenance,177.37,False,
2025-05-27,V037,Maintenance,1007.1,False,
2025-05-27,V011,Travel,1324.92,False,
2025-05-27,V006,Consulting,3510.19,False,
2025-05-27,V020,Utilities,921.48,False,
2025-05-27,V016,Supplies,4742.03,False,
2025-05-27,V026,Travel,1219.36,False,
2025-05-28,V025,Supplies,2480.42,False,
2025-05-28,V034,Utilities,271.89,False,
2025-05-28,V050,Utilities,54.51,False,
2025-05-28,V006,Consulting,1113.66,False,
2025-05-28,V035,Maintenance,465.92,False,
2025-05-28,V010,Consulting,254.43,False,
2025-05-28,V024,Maintenance,1572.76,False,
2025-05-28,V002,Maintenance,4847.57,True,below_threshold
2025-05-28,V040,Utilities,43.0,False,
2025-05-28,V032,Supplies,371.47,False,
2025-05-28,V026,Supplies,407.52,False,
2025-05-28,V023,Travel,14159.78,False,
2025-05-28,V022,Supplies,2432.35,False,
2025-05-29,V007,Supplies,986.7,False,
2025-05-29,V004,Maintenance,2103.11,False,
2025-05-29,V006,Travel,773.69,False,
2025-05-29,V020,Maintenance,2663.71,False,
2025-05-29,V030,Utilities,418.89,False,
2025-05-29,V042,Travel,18.9,False,
2025-05-29,V038,Maintenance,4249.32,False,
2025-05-29,V032,Utilities,760.05,False,
2025-05-29,V007,Utilities,3608.7,False,
2025-05-29,V031,Consulting,110.63,False,
2025-05-30,V015,Travel,872.44,False,
2025-05-30,V036,Consulting,819.38,False,
2025-05-30,V046,Maintenance,72.08,False,
2025-05-30,V026,Supplies,452.69,False,
2025-05-30,V031,Supplies,4822.29,True,below_threshold
2025-05-30,V050,Utilities,433.74,False,
2025-05-30,V028,Utilities,253.35,False,
2025-05-30,V015,Consulting,1380.08,False,
2025-05-30,V019,Utilities,1415.13,False,
2025-05-30,V023,Travel,2476.51,False,
2025-05-30,V017,Maintenance,146.64,False,
2025-05-30,V012,Utilities,1336.89,False,
2025-05-30,V015,Utilities,132.79,False,
2025-05-30,V047,Travel,10000.0,True,round_number
2025-05-30,V004,Consulting,964.57,False,
2025-05-30,V042,Utilities,173.1,False,
2025-05-30,V032,Utilities,732.39,False,
2025-05-31,V036,Utilities,3779.15,False,
2025-05-31,V010,Maintenance,801.31,False,
2025-05-31,V002,Utilities,187.83,False,
2025-05-31,V010,Utilities,1349.35,False,
2025-05-31,V048,Consulting,34.62,False,
2025-05-31,V009,Consulting,3888.85,False,
2025-05-31,V019,Consulting,418.23,False,
2025-05-31,V026,Utilities,183.75,False,
2025-05-31,V044,Consulting,3627.89,False,
2025-05-31,V006,Supplies,3330.76,False,
2025-05-31,V024,Consulting,262.77,False,
2025-05-31,V050,Supplies,1252.89,False,
2025-05-31,V004,Travel,28.57,False,
2025-05-31,V015,Consulting,51.98,False,
2025-05-31,V015,Travel,3394.94,False,
2025-06-01,V012,Maintenance,894.13,False,
2025-06-01,V006,Utilities,1159.75,False,
2025-06-01,V020,Utilities,2262.77,False,
2025-06-01,V035,Supplies,263.93,False,
2025-06-01,V040,Travel,1640.21,False,
2025-06-01,V029,Supplies,76.57,False,
2025-06-01,V047,Travel,2000.0,True,round_number
2025-06-01,V037,Maintenance,563.61,False,
2025-06-01,V001,Maintenance,12.64,False,
2025-06-01,V044,Travel,353.17,False,
2025-06-01,V031,Utilities,195.39,False,
2025-06-01,V014,Travel,2850.55,False,
2025-06-01,V038,Maintenance,2692.16,False,
2025-06-01,V046,Utilities,716.73,False,
2025-06-01,V044,Travel,3746.23,False,
2025-06-01,V036,Consulting,393.92,False,
2025-06-01,V030,Consulting,1000.0,True,round_number
2025-06-01,V018,Utilities,9870.33,False,
2025-06-01,V047,Consulting,1170.21,False,
2025-06-01,V047,Supplies,40.24,False,
2025-06-02,V012,Travel,1212.68,False,
2025-06-02,V020,Supplies,1612.53,False,
2025-06-02,V017,Utilities,853.33,False,
2025-06-02,V007,Consulting,8.62,False,
2025-06-02,V018,Travel,281.21,False,
2025-06-02,V037,Consulting,544.23,False,
2025-06-02,V032,Consulting,1564.36,False,
2025-06-02,V031,Utilities,12894.85,False,
2025-06-02,V008,Travel,709.04,False,
2025-06-02,V016,Supplies,1544.98,False,
2025-06-02,V015,Consulting,603.62,False,
2025-06-02,V006,Utilities,6048.16,False,
2025-06-02,V021,Supplies,43.25,False,
2025-06-02,V003,Maintenance,2789.87,False,
2025-06-02,V013,Consulting,147.03,False,
2025-06-02,V044,Utilities,401.49,True,fabricated
2025-06-02,V044,Maintenance,56.35,False,
2025-06-02,V029,Maintenance,116.9,False,
2025-06-02,V012,Maintenance,98.08,False,
2025-06-02,V019,Maintenance,1049.3,False,
2025-06-03,V016,Maintenance,66.1,False,
2025-06-03,V040,Maintenance,3434.68,False,
2025-06-03,V036,Consulting,2555.71,False,
2025-06-03,V005,Maintenance,9654.96,False,
2025-06-03,V016,Consulting,134.36,False,
2025-06-03,V009,Utilities,2225.79,False,
2025-06-03,V049,Supplies,7126.48,False,
2025-06-03,V037,Supplies,380.27,False,
2025-06-03,V015,Travel,339.5,False,
2025-06-03,V025,Supplies,3149.37,False,
2025-06-04,V009,Utilities,101.1,False,
2025-06-04,V017,Utilities,22662.59,False,
2025-06-04,V033,Consulting,5302.55,False,
2025-06-04,V037,Maintenance,1290.81,False,
2025-06-04,V034,Supplies,101.28,False,
2025-06-04,V045,Maintenance,20.05,False,
2025-06-04,V004,Travel,241.94,False,
2025-06-04,V025,Travel,1957.34,False,
2025-06-04,V040,Utilities,6864.76,False,
2025-06-04,V020,Travel,278935.56,False,
2025-06-04,V007,Utilities,2043.4,False,
2025-06-04,V026,Maintenance,5695.44,False,
2025-06-05,V037,Consulting,52.72,False,
2025-06-05,V005,Maintenance,193.02,False,
2025-06-05,V011,Supplies,246.17,False,
2025-06-05,V013,Consulting,2315.4,False,
2025-06-05,V044,Travel,484.37,False,
2025-06-05,V041,Supplies,662.81,False,
2025-06-05,V015,Travel,898.96,False,
2025-06-05,V012,Consulting,1531.9,False,
2025-06-05,V002,Utilities,156.62,False,
2025-06-05,V002,Consulting,258.78,False,
2025-06-05,V018,Supplies,102.6,False,
2025-06-05,V005,Travel,1324.1,False,
2025-06-06,V033,Utilities,398.13,False,
2025-06-06,V008,Consulting,139.54,False,
2025-06-06,V021,Travel,123.53,False,
2025-06-06,V046,Supplies,8838.76,False,
2025-06-06,V012,Consulting,388.85,False,
2025-06-06,V027,Supplies,505.99,False,
2025-06-06,V026,Maintenance,335.0,False,
2025-06-06,V017,Utilities,365.29,False,
2025-06-06,V015,Travel,339.5,True,duplicate
2025-06-06,V010,Maintenance,124.31,False,
2025-06-06,V047,Supplies,406.04,False,
2025-06-06,V007,Supplies,627.58,False,
2025-06-07,V040,Maintenance,1628.47,False,
2025-06-07,V036,Maintenance,8908.94,False,
2025-06-07,V021,Utilities,193.09,False,
2025-06-07,V042,Supplies,813.14,False,
2025-06-07,V033,Consulting,310.82,False,
2025-06-07,V002,Maintenance,1743.87,False,
2025-06-07,V030,Maintenance,1860.96,False,
2025-06-07,V041,Consulting,303.82,False,
2025-06-07,V001,Maintenance,332.04,False,
2025-06-07,V026,Supplies,4787.35,True,below_threshold
2025-06-07,V047,Utilities,14569.76,False,
2025-06-07,V015,Travel,3597.17,False,
2025-06-07,V033,Supplies,115.31,False,
2025-06-08,V040,Supplies,519.32,False,
2025-06-08,V045,Supplies,441.58,False,
2025-06-08,V007,Utilities,3606.5,False,
2025-06-08,V031,Travel,40.0,False,
2025-06-08,V031,Travel,213.37,False,
2025-06-08,V027,Maintenance,115.07,False,
2025-06-08,V001,Maintenance,2874.36,False,
2025-06-08,V013,Travel,1777.62,False,
2025-06-08,V025,Utilities,85.01,False,
2025-06-08,V002,Utilities,221.39,False,
2025-06-08,V039,Utilities,438.73,False,
2025-06-08,V041,Supplies,395.86,False,
2025-06-08,V027,Travel,708.58,False,
2025-06-08,V027,Utilities,5492.61,False,
2025-06-08,V024,Supplies,2668.21,False,
2025-06-08,V032,Maintenance,336.08,False,
2025-06-08,V037,Utilities,859.15,False,
2025-06-08,V034,Supplies,1634.8,False,
2025-06-08,V041,Travel,2171.71,False,
2025-06-08,V001,Consulting,73.71,False,
2025-06-09,V032,Utilities,193.01,False,
2025-06-09,V050,Travel,407.47,False,
2025-06-09,V025,Supplies,3137.82,False,
2025-06-09,V026,Utilities,1569.67,False,
2025-06-09,V041,Utilities,547.69,False,
2025-06-09,V041,Travel,518.37,False,
2025-06-09,V035,Consulting,2079.56,False,
2025-06-09,V044,Supplies,856.97,False,
2025-06-09,V022,Maintenance,99.34,False,
2025-06-09,V048,Maintenance,5295.81,False,
2025-06-09,V003,Maintenance,267.09,False,
2025-06-09,V021,Maintenance,7681.49,False,
2025-06-09,V039,Maintenance,7601.05,False,
2025-06-10,V002,Consulting,71.89,False,
2025-06-10,V047,Maintenance,773.17,False,
2025-06-10,V034,Consulting,3904.75,False,
2025-06-10,V014,Maintenance,6387.61,False,
2025-06-10,V008,Utilities,66.12,False,
2025-06-10,V045,Utilities,310.8,False,
2025-06-10,V006,Travel,75.06,False,
2025-06-10,V040,Utilities,1390.78,False,
2025-06-10,V035,Maintenance,163.12,False,
2025-06-10,V044,Travel,125.77,False,
2025-06-10,V041,Travel,25.04,False,
2025-06-10,V038,Supplies,333.06,False,
2025-06-10,V006,Supplies,1013.85,False,
2025-06-10,V001,Maintenance,176.13,False,
2025-06-10,V034,Utilities,19.95,False,
2025-06-10,V007,Maintenance,84.93,False,
2025-06-11,V022,Supplies,1979.81,False,
2025-06-11,V050,Consulting,237.76,False,
2025-06-11,V022,Supplies,272.68,False,
2025-06-11,V037,Consulting,140.13,False,
2025-06-11,V042,Travel,879.97,False,
2025-06-11,V046,Maintenance,1341.46,False,
2025-06-11,V050,Travel,2664.97,False,
2025-06-11,V027,Consulting,285.76,False,
2025-06-11,V002,Maintenance,89.23,False,
2025-06-11,V009,Maintenance,5868.66,False,
2025-06-11,V012,Supplies,1532.04,False,
2025-06-11,V008,Supplies,81.32,False,
2025-06-12,V030,Consulting,186.27,False,
2025-06-12,V032,Supplies,292.02,False,
2025-06-12,V007,Consulting,308.33,False,
2025-06-12,V038,Consulting,338.18,False,
2025-06-12,V038,Utilities,426.26,False,
2025-06-12,V023,Consulting,410.15,False,
2025-06-12,V032,Supplies,292.02,True,duplicate
2025-06-12,V050,Utilities,3250.5,False,
2025-06-12,V012,Maintenance,697.56,False,
2025-06-12,V007,Maintenance,4500.58,False,
2025-06-12,V033,Utilities,2708.55,False,
2025-06-12,V008,Supplies,2289.53,False,
2025-06-12,V047,Utilities,1507.93,False,
2025-06-12,V042,Travel,108.46,False,
2025-06-12,V046,Supplies,3368.46,False,
2025-06-12,V033,Utilities,904.81,False,
2025-06-12,V039,Travel,361.56,False,
2025-06-12,V016,Supplies,1219.77,False,
2025-06-12,V033,Maintenance,941.91,False,
2025-06-12,V030,Maintenance,296.19,False,
2025-06-13,V049,Utilities,3155.76,False,
2025-06-13,V003,Maintenance,6826.38,False,
2025-06-13,V024,Maintenance,3202.79,False,
2025-06-13,V046,Maintenance,6197.63,False,
2025-06-13,V001,Utilities,1451.23,False,
2025-06-13,V023,Consulting,8347.24,False,
2025-06-13,V028,Utilities,2724.01,False,
2025-06-13,V049,Utilities,784.4,False,
2025-06-13,V042,Maintenance,1488.56,False,
2025-06-13,V043,Travel,302.64,False,
2025-06-13,V018,Consulting,1211.74,False,
2025-06-13,V044,Utilities,1586.43,False,
2025-06-13,V042,Utilities,95.62,False,
2025-06-13,V005,Supplies,605.58,False,
2025-06-13,V002,Consulting,344.75,False,
2025-06-13,V035,Travel,550.03,False,
2025-06-14,V004,Consulting,404.73,False,
2025-06-14,V041,Maintenance,16004.89,False,
2025-06-14,V031,Supplies,1622.87,False,
2025-06-14,V008,Supplies,81.32,True,duplicate
2025-06-14,V004,Utilities,24.15,False,
2025-06-14,V050,Consulting,932.96,False,
2025-06-14,V018,Utilities,260.47,False,
2025-06-14,V019,Consulting,66.36,False,
2025-06-14,V004,Utilities,1689.79,False,
2025-06-14,V033,Travel,525.74,False,
2025-06-14,V021,Supplies,967.6,False,
2025-06-14,V021,Utilities,1296.61,False,
2025-06-14,V039,Consulting,142.56,False,
2025-06-14,V031,Supplies,65.81,False,
2025-06-14,V047,Maintenance,286.26,False,
2025-06-14,V001,Supplies,327.87,False,
2025-06-14,V044,Supplies,330.29,False,
2025-06-14,V016,Supplies,41.01,False,
2025-06-14,V045,Travel,1317.28,False,
2025-06-14,V037,Supplies,3023.67,False,
2025-06-15,V050,Supplies,984.27,False,
2025-06-15,V005,Travel,1936.51,False,
2025-06-15,V039,Maintenance,2520.16,False,
2025-06-15,V028,Supplies,509.03,False,
2025-06-15,V049,Consulting,7546.6,False,
2025-06-15,V042,Utilities,682.08,False,
2025-06-15,V043,Travel,1009.89,False,
2025-06-15,V013,Travel,538.38,False,
2025-06-15,V006,Maintenance,47.22,False,
2025-06-15,V034,Travel,379.47,False,
2025-06-15,V001,Utilities,1526.58,False,
2025-06-15,V001,Travel,363.49,False,
2025-06-15,V042,Utilities,461.45,False,
2025-06-15,V027,Travel,5.51,False,
2025-06-15,V036,Utilities,2643.83,False,
2025-06-15,V009,Travel,5404.6,False,
2025-06-15,V047,Consulting,1464.59,False,
2025-06-15,V034,Travel,303.38,False,
2025-06-15,V014,Travel,314.29,False,
2025-06-15,V030,Maintenance,283.42,False,
2025-06-16,V040,Utilities,107.76,False,
2025-06-16,V016,Travel,363.59,False,
2025-06-16,V013,Maintenance,8731.05,False,
2025-06-16,V033,Consulting,490.49,False,
2025-06-16,V009,Maintenance,2544.93,False,
2025-06-16,V015,Maintenance,53.11,False,
2025-06-16,V027,Maintenance,69.8,False,
2025-06-16,V013,Supplies,2190.92,False,
2025-06-16,V016,Supplies,3406.51,False,
2025-06-16,V045,Supplies,71328.86,False,
2025-06-16,V018,Maintenance,171.37,False,
2025-06-16,V027,Travel,220.71,False,
2025-06-16,V003,Supplies,4306.1,False,
2025-06-16,V037,Supplies,72.63,False,
2025-06-17,V001,Maintenance,1310.74,False,
2025-06-17,V047,Travel,840.84,False,
2025-06-17,V008,Supplies,2313.91,False,
2025-06-17,V031,Utilities,39.42,False,
2025-06-17,V010,Consulting,312.45,False,
2025-06-17,V010,Travel,1462.05,False,
2025-06-17,V021,Maintenance,308.15,False,
2025-06-17,V008,Utilities,91.65,False,
2025-06-17,V029,Supplies,1726.27,False,
2025-06-17,V032,Maintenance,306.86,False,
2025-06-17,V002,Travel,518.07,False,
2025-06-18,V013,Maintenance,679.94,False,
2025-06-18,V003,Supplies,117.25,False,
2025-06-18,V014,Supplies,10286.7,False,
2025-06-18,V038,Consulting,131.29,False,
2025-06-18,V029,Supplies,27258.68,False,
2025-06-18,V042,Consulting,723.48,False,
2025-06-18,V040,Maintenance,489.11,False,
2025-06-18,V050,Maintenance,4757.63,False,
2025-06-18,V027,Supplies,180.53,False,
2025-06-18,V014,Consulting,2450.26,False,
2025-06-18,V012,Maintenance,550.39,False,
2025-06-18,V048,Consulting,389.72,False,
2025-06-18,V009,Travel,90.18,False,
2025-06-18,V009,Utilities,902.19,False,
2025-06-18,V042,Utilities,42.07,False,
2025-06-18,V022,Utilities,2692.38,False,
2025-06-18,V044,Utilities,65.86,False,
2025-06-19,V027,Utilities,2242.82,False,
2025-06-19,V007,Supplies,7249.97,False,
2025-06-19,V042,Maintenance,121.31,False,
2025-06-19,V041,Maintenance,36981.16,False,
2025-06-19,V023,Consulting,42.74,False,
2025-06-19,V023,Utilities,2967.0,False,
2025-06-19,V010,Consulting,312.45,True,duplicate
2025-06-19,V023,Maintenance,338.84,False,
2025-06-19,V017,Maintenance,3000.0,True,round_number
2025-06-19,V022,Consulting,1075.89,False,
2025-06-19,V013,Supplies,2863.18,False,
2025-06-19,V027,Consulting,21.65,False,
2025-06-20,V021,Maintenance,308.15,True,duplicate
2025-06-20,V032,Utilities,205.72,False,
2025-06-20,V010,Supplies,402.63,False,
2025-06-20,V045,Maintenance,920.14,False,
2025-06-20,V038,Consulting,164.77,False,
2025-06-20,V016,Travel,455.65,False,
2025-06-20,V016,Supplies,1475.98,False,
2025-06-20,V004,Consulting,91.76,False,
2025-06-20,V002,Utilities,3421.51,False,
2025-06-20,V013,Consulting,3711.38,False,
2025-06-20,V023,Utilities,900.49,False,
2025-06-20,V036,Maintenance,41.02,False,
2025-06-20,V006,Travel,4033.06,False,
2025-06-20,V025,Utilities,361.3,False,
2025-06-20,V030,Consulting,2132.51,False,
2025-06-20,V046,Utilities,4873.95,False,
2025-06-20,V014,Maintenance,72.85,False,
2025-06-20,V046,Travel,5034.03,False,
2025-06-20,V045,Utilities,2251.84,False,
2025-06-20,V028,Consulting,435.0,False,
2025-06-21,V043,Travel,26.88,False,
2025-06-21,V048,Maintenance,3414.75,False,
2025-06-21,V034,Supplies,217.5,False,
2025-06-21,V022,Consulting,465.81,False,
2025-06-21,V049,Travel,1235.82,False,
2025-06-21,V045,Utilities,2709.84,False,
2025-06-21,V024,Maintenance,1544.43,False,
2025-06-21,V029,Utilities,1467.31,False,
2025-06-21,V045,Maintenance,142.05,False,
2025-06-21,V018,Consulting,1462.26,False,
2025-06-21,V023,Travel,1277.27,False,
2025-06-21,V045,Maintenance,468.76,False,
2025-06-21,V016,Maintenance,646.06,False,
2025-06-21,V024,Supplies,876.24,True,fabricated
2025-06-21,V005,Utilities,1477.86,False,
2025-06-21,V038,Consulting,131.29,True,duplicate
2025-06-22,V003,Consulting,725.69,False,
2025-06-22,V050,Supplies,124.47,False,
2025-06-22,V040,Supplies,2365.49,False,
2025-06-22,V038,Travel,196.96,False,
2025-06-22,V017,Travel,898.39,False,
2025-06-22,V013,Travel,844.19,False,
2025-06-22,V015,Utilities,294.93,False,
2025-06-22,V011,Maintenance,100.49,False,
2025-06-22,V050,Travel,1476.5,False,
2025-06-22,V038,Travel,257.76,False,
2025-06-22,V043,Travel,26.88,True,duplicate
2025-06-22,V030,Maintenance,402.38,False,
2025-06-23,V014,Maintenance,102.83,False,
2025-06-23,V015,Travel,330.79,False,
2025-06-23,V004,Consulting,250.62,False,
2025-06-23,V010,Travel,535.82,False,
2025-06-23,V027,Maintenance,317.35,False,
2025-06-23,V029,Travel,1523.71,False,
2025-06-23,V005,Maintenance,456.47,False,
2025-06-23,V029,Supplies,320.78,False,
2025-06-23,V042,Consulting,208.88,False,
2025-06-23,V019,Supplies,4963.39,True,below_threshold
2025-06-23,V006,Travel,1453.77,False,
2025-06-23,V050,Consulting,865.07,False,
2025-06-23,V047,Consulting,79.43,False,
2025-06-23,V033,Supplies,889.42,False,
2025-06-23,V011,Consulting,1692.12,False,
2025-06-23,V013,Utilities,3625.39,False,
2025-06-23,V037,Supplies,42.12,False,
2025-06-24,V031,Consulting,124.45,False,
2025-06-24,V046,Maintenance,997.67,False,
2025-06-24,V025,Maintenance,2087.06,False,
2025-06-24,V015,Maintenance,810.07,False,
2025-06-24,V033,Utilities,436.65,False,
2025-06-24,V028,Maintenance,127.51,False,
2025-06-24,V034,Supplies,1212.52,False,
2025-06-24,V029,Consulting,9576.08,False,
2025-06-24,V036,Maintenance,1719.36,False,
2025-06-24,V014,Consulting,285.64,False,
2025-06-24,V017,Supplies,4172.16,False,
2025-06-24,V048,Travel,33.83,False,
2025-06-24,V003,Travel,295.5,False,
2025-06-24,V037,Supplies,557.6,False,
2025-06-24,V024,Consulting,422.09,False,
2025-06-24,V031,Travel,548.61,False,
2025-06-24,V037,Maintenance,4510.52,False,
2025-06-25,V024,Utilities,164.2,False,
2025-06-25,V029,Travel,419.26,False,
2025-06-25,V039,Utilities,42.87,False,
2025-06-25,V038,Consulting,235.5,False,
2025-06-25,V033,Utilities,149.33,False,
2025-06-25,V034,Maintenance,1834.15,False,
2025-06-25,V011,Consulting,422.05,False,
2025-06-25,V046,Maintenance,251.95,False,
2025-06-25,V027,Supplies,436.45,False,
2025-06-25,V020,Supplies,56.8,False,
2025-06-25,V040,Utilities,469.28,False,
2025-06-25,V038,Utilities,177.39,False,
2025-06-25,V014,Supplies,505.89,False,
2025-06-25,V025,Maintenance,438.95,False,
2025-06-25,V033,Consulting,866.46,False,
2025-06-26,V021,Consulting,418.74,False,
2025-06-26,V014,Travel,557.58,False,
2025-06-26,V011,Supplies,158.31,False,
2025-06-26,V041,Travel,298.84,False,
2025-06-26,V046,Maintenance,825.49,False,
2025-06-26,V044,Travel,560.08,False,
2025-06-27,V017,Maintenance,81.64,False,
2025-06-27,V044,Utilities,2745.23,False,
2025-06-27,V025,Utilities,299.34,False,
2025-06-27,V024,Travel,993.81,False,
2025-06-27,V034,Utilities,189.27,False,
2025-06-27,V036,Maintenance,651.56,False,
2025-06-28,V028,Supplies,6713.97,False,
2025-06-28,V047,Travel,163.84,False,
2025-06-28,V033,Consulting,866.46,True,duplicate
2025-06-28,V040,Utilities,515.95,False,
2025-06-28,V017,Utilities,547.67,False,
2025-06-28,V013,Utilities,1773.1,False,
2025-06-28,V024,Maintenance,106.89,False,
2025-06-28,V021,Consulting,752.41,False,
2025-06-28,V028,Supplies,216.14,False,
2025-06-28,V021,Travel,29.92,False,
2025-06-28,V008,Utilities,749.27,False,
2025-06-28,V036,Supplies,287.09,False,
2025-06-28,V041,Travel,295.16,False,
2025-06-28,V038,Consulting,5966.78,False,
2025-06-29,V028,Consulting,771.6,False,
2025-06-29,V035,Supplies,131.37,False,
2025-06-29,V019,Consulting,1348.3,False,
2025-06-29,V039,Utilities,308.4,False,
2025-06-29,V038,Utilities,1498.22,False,
2025-06-29,V013,Supplies,6501.76,False,
2025-06-29,V040,Utilities,1447.54,False,
2025-06-29,V038,Travel,367.54,False,
2025-06-29,V026,Supplies,6437.07,False,
2025-06-29,V013,Consulting,2144.86,False,
2025-06-29,V025,Utilities,4813.31,True,below_threshold
2025-06-29,V034,Supplies,654.45,False,
2025-06-29,V002,Maintenance,12855.37,False,
2025-06-30,V004,Travel,2277.06,False,
2025-06-30,V032,Supplies,1403.0,False,
2025-06-30,V014,Supplies,1057.96,False,
2025-06-30,V009,Utilities,187.82,False,
2025-06-30,V026,Maintenance,1624.15,False,
2025-06-30,V010,Consulting,463.35,False,
2025-06-30,V029,Utilities,119.26,False,
2025-06-30,V022,Supplies,250.32,False,
2025-06-30,V042,Consulting,513.72,False,
2025-06-30,V011,Travel,1526.99,False,
2025-06-30,V007,Travel,1446.43,False,
2025-06-30,V004,Maintenance,19090.06,False,
2025-06-30,V040,Consulting,45.34,False,
2025-06-30,V010,Utilities,1055.53,False,
2025-06-30,V010,Supplies,5692.3,False,
2025-06-30,V016,Maintenance,109.43,False,
2025-06-30,V047,Maintenance,8013.02,False,
2025-07-01,V032,Supplies,925.02,False,
2025-07-01,V039,Utilities,1727.79,False,
2025-07-01,V010,Travel,611.67,False,
2025-07-01,V048,Supplies,3188.98,False,
2025-07-01,V002,Supplies,8234.84,False,
2025-07-01,V032,Consulting,644.77,False,
2025-07-01,V047,Consulting,829.23,False,
2025-07-01,V019,Travel,2050.93,False,
2025-07-01,V003,Travel,1757.75,False,
2025-07-01,V046,Travel,723.88,False,
2025-07-01,V020,Maintenance,348.02,False,
2025-07-01,V028,Travel,1237.39,False,
2025-07-01,V031,Supplies,193.59,False,
2025-07-02,V045,Utilities,4934.83,False,
2025-07-02,V033,Maintenance,233.56,False,
2025-07-02,V043,Supplies,3871.12,False,
2025-07-02,V012,Maintenance,902.17,False,
2025-07-02,V022,Supplies,250.32,True,duplicate
2025-07-02,V045,Utilities,1725.48,False,
2025-07-02,V033,Maintenance,3532.68,False,
2025-07-02,V034,Supplies,285.41,False,
2025-07-02,V021,Utilities,130.61,False,
2025-07-02,V002,Consulting,81.93,False,
2025-07-02,V002,Maintenance,32.7,False,
2025-07-02,V020,Supplies,93.69,False,
2025-07-02,V043,Consulting,76.19,False,
2025-07-02,V032,Supplies,2570.97,False,
2025-07-03,V038,Maintenance,33.35,False,
2025-07-03,V002,Maintenance,141.22,False,
2025-07-03,V014,Utilities,1350.01,False,
2025-07-03,V021,Travel,874.89,False,
2025-07-03,V011,Travel,2030.13,False,
2025-07-03,V006,Consulting,108.59,False,
2025-07-03,V011,Travel,916.64,False,
2025-07-03,V020,Supplies,408.35,False,
2025-07-03,V020,Consulting,302.09,False,
2025-07-03,V032,Maintenance,113.79,False,
2025-07-03,V014,Supplies,213.28,False,
2025-07-03,V011,Travel,84.53,False,
2025-07-03,V038,Maintenance,41.14,False,
2025-07-03,V029,Supplies,339.62,False,
2025-07-04,V007,Consulting,4340.33,False,
2025-07-04,V040,Travel,292.75,False,
2025-07-04,V008,Travel,1442.47,False,
2025-07-04,V033,Utilities,2185.19,False,
2025-07-04,V009,Utilities,265.47,False,
2025-07-04,V010,Supplies,4709.64,False,
2025-07-04,V027,Supplies,25119.7,False,
2025-07-04,V026,Maintenance,3274.67,False,
2025-07-04,V033,Supplies,6375.09,False,
2025-07-04,V007,Consulting,258.23,False,
2025-07-04,V046,Supplies,203.87,False,
2025-07-04,V005,Utilities,1637.97,False,
2025-07-04,V023,Maintenance,898.61,False,
2025-07-04,V046,Travel,275.31,False,
2025-07-04,V011,Travel,96.39,False,
2025-07-04,V012,Maintenance,3204.77,False,
2025-07-04,V018,Utilities,451.62,False,
2025-07-04,V029,Maintenance,4114.11,False,
2025-07-04,V004,Supplies,3522.26,True,fabricated
2025-07-04,V034,Maintenance,442.97,False,
2025-07-04,V026,Supplies,505.59,False,
2025-07-05,V006,Maintenance,3640.84,False,
2025-07-05,V034,Consulting,202.84,False,
2025-07-05,V009,Travel,383.54,False,
2025-07-05,V013,Consulting,36.44,False,
2025-07-05,V030,Supplies,149.87,False,
2025-07-05,V029,Maintenance,9444.43,False,
2025-07-05,V006,Supplies,323.15,False,
2025-07-05,V002,Maintenance,529.79,False,
2025-07-05,V021,Consulting,652.54,False,
2025-07-05,V033,Maintenance,140.82,False,
2025-07-05,V029,Maintenance,4019.99,False,
2025-07-05,V022,Travel,1992.41,False,
2025-07-05,V011,Supplies,1474.39,False,
2025-07-05,V024,Supplies,2450.35,False,
2025-07-05,V010,Supplies,491.1,False,
2025-07-06,V043,Utilities,102.38,False,
2025-07-06,V026,Travel,884.47,False,
2025-07-06,V012,Travel,1091.79,False,
2025-07-06,V002,Travel,2755.58,False,
2025-07-06,V024,Consulting,585.0,False,
2025-07-07,V017,Supplies,693.55,False,
2025-07-07,V014,Maintenance,722.6,False,
2025-07-07,V003,Consulting,28030.1,False,
2025-07-07,V036,Supplies,17710.1,False,
2025-07-07,V049,Travel,3628.09,False,
2025-07-07,V030,Utilities,191.53,False,
2025-07-07,V018,Supplies,87.12,False,
2025-07-07,V023,Maintenance,699.53,False,
2025-07-07,V019,Maintenance,19.43,False,
2025-07-07,V026,Supplies,88.99,False,
2025-07-07,V027,Supplies,672.38,False,
2025-07-07,V005,Utilities,267.53,False,
2025-07-07,V003,Consulting,7718.89,False,
2025-07-08,V003,Supplies,248.05,False,
2025-07-08,V039,Supplies,153.34,False,
2025-07-08,V033,Utilities,372.91,False,
2025-07-08,V034,Utilities,2093.16,False,
2025-07-08,V033,Maintenance,81.77,False,
2025-07-08,V032,Supplies,4674.92,False,
2025-07-08,V010,Maintenance,1049.06,False,
2025-07-08,V049,Maintenance,382.94,False,
2025-07-08,V025,Utilities,53.56,False,
2025-07-08,V011,Travel,387.42,False,
2025-07-08,V046,Supplies,1272.47,False,
2025-07-08,V013,Travel,695.47,False,
2025-07-08,V022,Utilities,125.55,False,
2025-07-08,V016,Utilities,212.29,False,
2025-07-08,V036,Travel,167.86,False,
2025-07-09,V041,Utilities,228.05,False,
2025-07-09,V008,Supplies,432.4,False,
2025-07-09,V040,Utilities,879.91,False,
2025-07-09,V032,Travel,3759.71,False,
2025-07-09,V039,Maintenance,89.42,False,
2025-07-09,V040,Supplies,138.89,False,
2025-07-09,V044,Travel,689.58,False,
2025-07-09,V040,Utilities,285.27,False,
2025-07-09,V005,Consulting,284.92,False,
2025-07-09,V027,Travel,2432.28,False,
2025-07-09,V044,Consulting,769.76,False,
2025-07-09,V039,Supplies,224.72,False,
2025-07-09,V008,Utilities,776.59,False,
2025-07-09,V004,Supplies,1265.07,False,
2025-07-09,V007,Consulting,66.61,False,
2025-07-10,V033,Supplies,2697.27,False,
2025-07-10,V022,Travel,1364.7,False,
2025-07-10,V042,Consulting,545.87,False,
2025-07-10,V033,Maintenance,2553.55,False,
2025-07-10,V042,Supplies,57.24,False,
2025-07-10,V020,Supplies,2314.65,False,
2025-07-10,V031,Utilities,80.32,False,
2025-07-10,V006,Utilities,179.67,False,
2025-07-10,V012,Maintenance,105.9,False,
2025-07-10,V032,Consulting,7.68,False,
2025-07-10,V003,Utilities,1959.93,False,
2025-07-10,V048,Supplies,2006.16,False,
2025-07-10,V040,Travel,588.7,False,
2025-07-10,V026,Utilities,27.0,False,
2025-07-10,V018,Utilities,428.56,False,
2025-07-10,V028,Supplies,4354.81,False,
2025-07-10,V017,Utilities,3228.48,False,
2025-07-10,V047,Consulting,2744.7,False,
2025-07-10,V016,Consulting,171.51,False,
2025-07-10,V021,Supplies,352.98,False,
2025-07-10,V007,Utilities,745.24,False,
2025-07-11,V047,Utilities,372.25,False,
2025-07-11,V017,Supplies,412.55,False,
2025-07-11,V050,Travel,3745.98,False,
2025-07-11,V022,Utilities,310.63,False,
2025-07-11,V036,Travel,57.71,False,
2025-07-11,V035,Consulting,271.65,False,
2025-07-11,V001,Supplies,39.75,False,
2025-07-11,V025,Consulting,2102.78,False,
2025-07-11,V031,Utilities,1303.37,False,
2025-07-11,V048,Consulting,2538.54,False,
2025-07-11,V023,Travel,246.93,False,
2025-07-12,V031,Travel,12.87,False,
2025-07-12,V008,Maintenance,853.23,False,
2025-07-12,V018,Supplies,823.07,False,
2025-07-12,V006,Travel,1587.83,False,
2025-07-12,V014,Utilities,1562.52,False,
2025-07-12,V043,Utilities,799.17,False,
2025-07-12,V050,Supplies,38.87,False,
2025-07-12,V026,Consulting,223.18,False,
2025-07-12,V036,Maintenance,305.79,False,
2025-07-12,V047,Travel,338.83,False,
2025-07-12,V009,Consulting,495.88,False,
2025-07-12,V049,Utilities,2798.15,False,
2025-07-12,V003,Maintenance,788.09,False,
2025-07-12,V045,Travel,457.32,False,
2025-07-12,V034,Consulting,288.51,False,
2025-07-12,V043,Maintenance,5332.53,False,
2025-07-12,V002,Utilities,449.98,False,
2025-07-13,V010,Travel,3107.56,False,
2025-07-13,V029,Travel,77.99,False,
2025-07-13,V027,Maintenance,741.1,False,
2025-07-13,V040,Utilities,1344.81,False,
2025-07-13,V015,Utilities,381.41,False,
2025-07-13,V005,Consulting,47.57,False,
2025-07-13,V010,Travel,103.62,False,
2025-07-13,V035,Utilities,78.66,False,
2025-07-13,V007,Utilities,339.14,False,
2025-07-13,V020,Utilities,481.05,False,
2025-07-13,V029,Supplies,708.39,False,
2025-07-13,V012,Maintenance,92.68,False,
2025-07-13,V020,Consulting,56310.48,False,
2025-07-13,V015,Supplies,1548.9,False,
2025-07-13,V006,Utilities,96.44,False,
2025-07-13,V007,Utilities,673.54,False,
2025-07-13,V027,Utilities,828.11,False,
2025-07-13,V006,Supplies,2962.09,False,
2025-07-13,V039,Utilities,534.22,False,
2025-07-14,V003,Maintenance,49.16,False,
2025-07-14,V009,Maintenance,2541.35,False,
2025-07-14,V047,Supplies,187.99,False,
2025-07-14,V010,Travel,151.35,False,
2025-07-14,V016,Travel,191.45,False,
2025-07-14,V002,Travel,953.21,False,
2025-07-14,V023,Maintenance,907.51,False,
2025-07-14,V026,Maintenance,13174.45,False,
2025-07-14,V004,Travel,444.4,False,
2025-07-14,V021,Maintenance,846.26,True,fabricated
2025-07-14,V014,Utilities,285.29,False,
2025-07-14,V015,Consulting,819.62,False,
2025-07-14,V012,Consulting,3335.11,False,
2025-07-14,V028,Utilities,4229.05,False,
2025-07-14,V023,Travel,311.51,False,
2025-07-14,V016,Travel,574.79,False,
2025-07-14,V011,Consulting,745.16,False,
2025-07-14,V022,Travel,159.07,False,
2025-07-14,V015,Consulting,1729.56,False,
2025-07-14,V042,Maintenance,380.04,False,
2025-07-15,V004,Maintenance,645.47,False,
2025-07-15,V002,Consulting,15370.88,False,
2025-07-15,V036,Maintenance,64.88,False,
2025-07-15,V024,Maintenance,1935.94,False,
2025-07-15,V021,Travel,97.41,False,
2025-07-15,V006,Utilities,4663.18,False,
2025-07-15,V007,Travel,1127.96,False,
2025-07-15,V048,Supplies,14443.93,False,
2025-07-15,V016,Maintenance,375.43,False,
2025-07-15,V023,Supplies,2260.87,False,
2025-07-16,V016,Maintenance,1046.62,False,
2025-07-16,V050,Supplies,9882.26,False,
2025-07-16,V048,Travel,149.93,False,
2025-07-16,V040,Utilities,998.99,False,
2025-07-16,V004,Supplies,410.41,False,
2025-07-16,V007,Travel,7520.32,False,
2025-07-16,V032,Consulting,91.13,False,
2025-07-16,V030,Consulting,1333.85,False,
2025-07-16,V012,Travel,4339.61,False,
2025-07-16,V016,Supplies,144.41,False,
2025-07-16,V044,Travel,887.36,False,
2025-07-16,V040,Consulting,203.21,False,
2025-07-16,V047,Utilities,358.7,False,
2025-07-16,V012,Travel,539.64,False,
2025-07-16,V005,Travel,105.4,False,
2025-07-16,V020,Utilities,1409.25,False,
2025-07-16,V023,Consulting,438.17,False,
2025-07-17,V015,Consulting,2246.49,False,
2025-07-17,V007,Maintenance,1472.68,False,
2025-07-17,V014,Utilities,658.1,False,
2025-07-17,V012,Consulting,1075.91,False,
2025-07-17,V039,Consulting,4015.74,False,
2025-07-17,V041,Supplies,52.52,False,
2025-07-17,V008,Travel,1280.44,False,
2025-07-17,V032,Consulting,357.31,False,
2025-07-17,V038,Maintenance,148.65,False,
2025-07-17,V046,Supplies,8606.62,False,
2025-07-17,V002,Supplies,466.65,False,
2025-07-17,V045,Supplies,5407.36,False,
2025-07-17,V021,Utilities,4230.4,False,
2025-07-17,V037,Maintenance,145.86,False,
2025-07-17,V039,Travel,262.11,False,
2025-07-18,V049,Maintenance,216.45,False,
2025-07-18,V005,Maintenance,1204.98,False,
2025-07-18,V042,Maintenance,215.23,False,
2025-07-18,V047,Maintenance,648.12,False,
2025-07-18,V005,Supplies,166.27,False,
2025-07-18,V012,Consulting,5218.07,False,
2025-07-18,V028,Utilities,230.85,False,
2025-07-18,V019,Maintenance,45.4,False,
2025-07-18,V029,Supplies,432.12,False,
2025-07-18,V028,Supplies,4944.6,False,
2025-07-18,V022,Maintenance,2653.63,False,
2025-07-18,V019,Maintenance,131.2,False,
2025-07-18,V017,Travel,574.68,False,
2025-07-19,V048,Maintenance,1651.34,False,
2025-07-19,V045,Maintenance,417.3,False,
2025-07-19,V022,Supplies,153.17,False,
2025-07-19,V024,Utilities,50.67,False,
2025-07-19,V029,Utilities,4182.38,False,
2025-07-19,V013,Utilities,53.39,False,
2025-07-19,V005,Supplies,275.74,False,
2025-07-19,V031,Supplies,707.83,False,
2025-07-19,V036,Maintenance,719.49,False,
2025-07-19,V043,Utilities,2374.96,False,
2025-07-19,V026,Travel,874.18,False,
2025-07-19,V047,Consulting,445.91,False,
2025-07-19,V005,Utilities,5303.69,False,
2025-07-20,V008,Utilities,1337.66,False,
2025-07-20,V002,Maintenance,1958.77,False,
2025-07-20,V007,Travel,2028.91,False,
2025-07-20,V033,Maintenance,287.72,False,
2025-07-20,V024,Utilities,79.82,False,
2025-07-20,V033,Maintenance,63.4,False,
2025-07-20,V033,Utilities,435.32,False,
2025-07-20,V007,Travel,1794.06,False,
2025-07-20,V008,Maintenance,1266.54,False,
2025-07-21,V043,Utilities,1347.87,False,
2025-07-21,V013,Utilities,7246.85,False,
2025-07-21,V009,Utilities,608.64,False,
2025-07-21,V017,Maintenance,1512.06,False,
2025-07-21,V039,Travel,150.95,False,
2025-07-21,V013,Travel,1325.6,False,
2025-07-21,V016,Supplies,1083.85,False,
2025-07-21,V029,Utilities,28.89,False,
2025-07-21,V009,Utilities,368.51,False,
2025-07-21,V018,Supplies,199.52,False,
2025-07-21,V002,Utilities,422.0,False,
2025-07-21,V031,Travel,4941.26,True,below_threshold
2025-07-21,V021,Maintenance,1324.08,False,
2025-07-21,V027,Maintenance,114.32,False,
2025-07-22,V035,Supplies,34.76,False,
2025-07-22,V044,Consulting,708.99,False,
2025-07-22,V007,Supplies,4204.21,False,
2025-07-22,V040,Maintenance,1018.26,False,
2025-07-22,V036,Supplies,827.38,False,
2025-07-22,V014,Utilities,32.55,False,
2025-07-22,V041,Supplies,122.86,False,
2025-07-22,V016,Maintenance,1710.73,False,
2025-07-22,V027,Travel,9118.11,False,
2025-07-22,V025,Maintenance,1317.56,False,
2025-07-22,V047,Travel,119.63,False,
2025-07-22,V041,Consulting,926.9,False,
2025-07-22,V038,Utilities,518.6,False,
2025-07-22,V045,Maintenance,527.51,False,
2025-07-22,V008,Maintenance,5262.33,False,
2025-07-22,V008,Travel,1478.23,False,
2025-07-22,V046,Supplies,4741.65,False,
2025-07-22,V002,Consulting,91.24,False,
2025-07-22,V020,Travel,912.94,False,
2025-07-22,V050,Supplies,404.92,False,
2025-07-22,V026,Supplies,2622.75,False,
2025-07-23,V007,Utilities,257.6,False,
2025-07-23,V022,Utilities,963.66,False,
2025-07-23,V033,Maintenance,17.27,False,
2025-07-23,V048,Maintenance,3157.46,False,
2025-07-23,V016,Consulting,987.94,False,
2025-07-23,V031,Consulting,1255.46,False,
2025-07-23,V002,Supplies,200.8,False,
2025-07-23,V017,Supplies,277.97,False,
2025-07-24,V037,Consulting,155.03,False,
2025-07-24,V033,Supplies,351.26,False,
2025-07-24,V021,Travel,4752.41,False,
2025-07-24,V002,Supplies,1053.49,False,
2025-07-24,V003,Maintenance,3642.42,False,
2025-07-24,V027,Utilities,628.29,False,
2025-07-24,V016,Travel,662.25,False,
2025-07-24,V025,Travel,107.69,False,
2025-07-24,V011,Utilities,1716.07,False,
2025-07-24,V050,Utilities,10111.03,False,
2025-07-25,V011,Travel,311.41,False,
2025-07-25,V034,Utilities,1013.25,False,
2025-07-25,V026,Utilities,822.58,False,
2025-07-25,V022,Travel,2752.54,False,
2025-07-25,V033,Maintenance,320.48,False,
2025-07-25,V003,Utilities,241.0,False,
2025-07-25,V013,Utilities,925.68,False,
2025-07-25,V018,Consulting,635.91,False,
2025-07-25,V041,Maintenance,449.71,False,
2025-07-25,V022,Travel,3842.38,False,
2025-07-25,V003,Supplies,148.23,False,
2025-07-25,V008,Supplies,1143.27,False,
2025-07-25,V047,Maintenance,275.35,False,
2025-07-26,V027,Utilities,276.08,False,
2025-07-26,V041,Consulting,1179.62,False,
2025-07-26,V038,Utilities,182.67,False,
2025-07-26,V007,Consulting,75.77,False,
2025-07-26,V031,Travel,73.08,False,
2025-07-26,V018,Supplies,248.93,False,
2025-07-26,V011,Utilities,1985.43,False,
2025-07-26,V017,Travel,4401.35,False,
2025-07-26,V041,Maintenance,6300.96,False,
2025-07-26,V031,Maintenance,1652.24,False,
2025-07-26,V008,Supplies,770.78,False,
2025-07-26,V017,Utilities,3407.4,False,
2025-07-26,V045,Travel,46.43,False,
2025-07-27,V045,Supplies,4773.3,True,below_threshold
2025-07-27,V033,Travel,3144.94,False,
2025-07-27,V007,Travel,530.87,False,
2025-07-27,V005,Supplies,608.23,False,
2025-07-27,V035,Consulting,1655.58,False,
2025-07-27,V023,Maintenance,519.21,False,
2025-07-27,V014,Travel,226.07,False,
2025-07-27,V021,Utilities,879.47,False,
2025-07-27,V007,Supplies,2174.32,False,
2025-07-27,V028,Utilities,440.07,False,
2025-07-27,V046,Maintenance,1053.53,False,
2025-07-27,V030,Consulting,813.49,True,fabricated
2025-07-28,V041,Maintenance,462.82,False,
2025-07-28,V044,Consulting,2385.66,False,
2025-07-28,V011,Supplies,117.79,False,
2025-07-28,V041,Travel,7215.22,False,
2025-07-28,V024,Consulting,663.46,False,
2025-07-28,V018,Utilities,247.84,False,
2025-07-28,V007,Consulting,468.61,False,
2025-07-28,V012,Utilities,428.71,False,
2025-07-28,V048,Utilities,937.5,False,
2025-07-28,V009,Travel,355.27,False,
2025-07-28,V040,Maintenance,350.94,False,
2025-07-28,V037,Consulting,745.11,False,
2025-07-28,V030,Maintenance,117.88,False,
2025-07-28,V018,Supplies,95.47,False,
2025-07-28,V044,Consulting,159.51,False,
2025-07-28,V015,Consulting,3260.73,False,
2025-07-28,V017,Maintenance,2036.83,False,
2025-07-28,V017,Travel,424.03,False,
2025-07-29,V034,Utilities,125.16,False,
2025-07-29,V014,Travel,246.75,False,
2025-07-29,V025,Maintenance,9209.3,False,
2025-07-29,V014,Consulting,272.31,False,
2025-07-29,V017,Travel,26.25,False,
2025-07-29,V011,Travel,2177.97,False,
2025-07-29,V034,Consulting,1725.55,False,
2025-07-29,V040,Utilities,1258.06,False,
2025-07-29,V009,Utilities,499.48,False,
2025-07-30,V034,Utilities,45.19,False,
2025-07-30,V003,Travel,234.19,False,
2025-07-30,V040,Travel,596.85,False,
2025-07-30,V005,Consulting,1613.18,False,
2025-07-30,V025,Travel,238.83,False,
2025-07-30,V013,Supplies,836.0,False,
2025-07-30,V008,Supplies,505.96,False,
2025-07-30,V039,Consulting,875.32,False,
2025-07-31,V027,Utilities,3000.0,True,round_number
2025-07-31,V030,Utilities,535.69,False,
2025-07-31,V031,Supplies,95.28,False,
2025-07-31,V004,Supplies,3257.59,False,
2025-07-31,V029,Consulting,1561.55,False,
2025-07-31,V041,Maintenance,195.52,False,
2025-07-31,V039,Consulting,363.62,False,
2025-07-31,V050,Utilities,794.57,False,
2025-07-31,V022,Consulting,15238.36,False,
2025-07-31,V027,Utilities,449.11,False,
2025-07-31,V022,Travel,1890.42,False,
2025-07-31,V018,Utilities,2710.51,False,
2025-08-01,V004,Travel,1953.51,False,
2025-08-01,V045,Utilities,3389.05,False,
2025-08-01,V033,Travel,150.8,False,
2025-08-01,V040,Utilities,1450.56,False,
2025-08-01,V048,Utilities,280.18,False,
2025-08-01,V013,Utilities,640.05,False,
2025-08-01,V011,Utilities,151.13,False,
2025-08-01,V011,Travel,1226.21,False,
2025-08-01,V012,Consulting,16513.08,False,
2025-08-01,V042,Consulting,2174.02,False,
2025-08-01,V012,Travel,57.41,False,
2025-08-01,V013,Utilities,682.68,False,
2025-08-01,V031,Consulting,368.91,False,
2025-08-02,V004,Travel,1239.99,False,
2025-08-02,V044,Maintenance,1249.78,False,
2025-08-02,V031,Maintenance,3581.86,False,
2025-08-02,V046,Travel,56.73,False,
2025-08-02,V041,Supplies,751.16,False,
2025-08-02,V003,Consulting,654.93,False,
2025-08-02,V044,Maintenance,477.9,False,
2025-08-02,V023,Utilities,5840.68,False,
2025-08-02,V012,Travel,112.3,False,
2025-08-02,V022,Consulting,125.07,False,
2025-08-02,V047,Consulting,902.6,False,
2025-08-02,V040,Maintenance,36.65,False,
2025-08-02,V035,Travel,204.08,False,
2025-08-03,V036,Maintenance,1556.6,False,
2025-08-03,V015,Travel,414.37,False,
2025-08-03,V031,Maintenance,1221.41,False,
2025-08-03,V013,Utilities,662.51,False,
2025-08-03,V038,Supplies,199.13,False,
2025-08-03,V019,Supplies,1390.14,False,
2025-08-03,V009,Consulting,6213.97,False,
2025-08-03,V018,Maintenance,331.62,False,
2025-08-03,V031,Consulting,4318.88,False,
2025-08-03,V037,Travel,4271.27,False,
2025-08-03,V044,Maintenance,542.99,False,
2025-08-03,V011,Maintenance,232.11,False,
2025-08-03,V025,Maintenance,78.58,False,
2025-08-03,V022,Maintenance,161.54,False,
2025-08-03,V021,Supplies,543.12,False,
2025-08-03,V008,Consulting,343.92,False,
2025-08-03,V005,Utilities,1217.89,False,
2025-08-03,V013,Consulting,651.19,False,
2025-08-04,V039,Maintenance,830.83,False,
2025-08-04,V002,Utilities,969.54,False,
2025-08-04,V027,Consulting,3550.87,False,
2025-08-04,V003,Consulting,3237.89,False,
2025-08-04,V005,Consulting,88.4,False,
2025-08-04,V049,Supplies,2294.54,False,
2025-08-04,V020,Consulting,153.23,False,
2025-08-04,V003,Consulting,143.12,False,
2025-08-04,V001,Consulting,1197.22,False,
2025-08-04,V046,Supplies,216.35,False,
2025-08-04,V002,Maintenance,2284.29,False,
2025-08-04,V031,Travel,179.3,False,
2025-08-04,V033,Utilities,6581.1,False,
2025-08-05,V028,Consulting,387.51,False,
2025-08-05,V013,Travel,4120.56,False,
2025-08-05,V030,Consulting,398.23,False,
2025-08-05,V036,Travel,1226.84,False,
2025-08-05,V027,Supplies,778.44,False,
2025-08-05,V012,Utilities,206.39,False,
2025-08-05,V016,Supplies,1788.97,False,
2025-08-05,V027,Supplies,3973.92,False,
2025-08-05,V002,Utilities,1258.32,False,
2025-08-05,V050,Travel,2542.84,False,
2025-08-05,V013,Consulting,663.4,False,
2025-08-05,V045,Consulting,2162.41,False,
2025-08-06,V025,Travel,50.9,False,
2025-08-06,V021,Maintenance,1140.51,False,
2025-08-06,V016,Supplies,607.98,False,
2025-08-06,V034,Travel,1647.68,False,
2025-08-06,V035,Consulting,697.37,False,
2025-08-06,V022,Consulting,507.68,False,
2025-08-06,V017,Travel,504.14,False,
2025-08-07,V034,Maintenance,665.62,False,
2025-08-07,V003,Utilities,673.73,False,
2025-08-07,V022,Supplies,283.75,False,
2025-08-07,V032,Consulting,660.84,False,
2025-08-07,V034,Utilities,1435.09,False,
2025-08-07,V020,Maintenance,1460.22,False,
2025-08-07,V049,Supplies,214.81,False,
2025-08-07,V001,Utilities,310.26,False,
2025-08-07,V035,Travel,122.17,False,
2025-08-07,V036,Maintenance,359.8,False,
2025-08-07,V030,Utilities,2958.82,False,
2025-08-07,V021,Travel,394.47,False,
2025-08-07,V023,Consulting,2354.72,False,
2025-08-07,V013,Consulting,2336.71,False,
2025-08-07,V021,Utilities,71.28,False,
2025-08-07,V041,Travel,285.61,False,
2025-08-07,V028,Utilities,1385.3,False,
2025-08-07,V022,Consulting,1395.95,False,
2025-08-08,V025,Travel,166.5,False,
2025-08-08,V003,Supplies,85.98,False,
2025-08-08,V017,Utilities,100.0,False,
2025-08-08,V012,Maintenance,73.93,False,
2025-08-08,V044,Utilities,317.71,False,
2025-08-08,V036,Consulting,482.26,False,
2025-08-08,V035,Consulting,238.05,False,
2025-08-08,V021,Consulting,3293.32,False,
2025-08-08,V013,Travel,96.71,False,
2025-08-08,V029,Maintenance,2466.02,False,
2025-08-08,V008,Consulting,267.09,False,
2025-08-08,V022,Travel,1595.62,False,
2025-08-09,V050,Supplies,261.24,False,
2025-08-09,V030,Travel,2006.25,False,
2025-08-09,V042,Utilities,90.52,False,
2025-08-09,V012,Travel,7.11,False,
2025-08-09,V011,Consulting,2106.38,False,
2025-08-09,V005,Consulting,144.99,False,
2025-08-09,V023,Utilities,126.64,False,
2025-08-09,V011,Travel,789.6,False,
2025-08-09,V015,Utilities,1463.7,False,
2025-08-09,V009,Travel,30661.9,False,
2025-08-09,V026,Utilities,312.21,False,
2025-08-10,V024,Travel,720.4,False,
2025-08-10,V028,Travel,155.59,False,
2025-08-10,V020,Travel,461.05,False,
2025-08-10,V003,Consulting,17677.75,False,
2025-08-10,V026,Maintenance,6008.92,False,
2025-08-10,V019,Travel,85.95,False,
2025-08-10,V035,Utilities,3386.24,False,
2025-08-10,V026,Travel,1073.03,False,
2025-08-10,V004,Supplies,650.47,True,fabricated
2025-08-10,V022,Utilities,31.7,False,
2025-08-10,V043,Maintenance,163.99,False,
2025-08-10,V004,Consulting,8000.0,True,round_number
2025-08-10,V025,Supplies,200.01,False,
2025-08-11,V025,Consulting,2869.9,False,
2025-08-11,V034,Supplies,354.79,False,
2025-08-11,V006,Supplies,796.86,False,
2025-08-11,V045,Travel,238.5,False,
2025-08-11,V024,Travel,549.92,False,
2025-08-11,V013,Consulting,935.49,False,
2025-08-11,V008,Supplies,394.16,False,
2025-08-11,V020,Maintenance,358.07,False,
2025-08-11,V023,Maintenance,1391.32,False,
2025-08-11,V004,Consulting,110.36,False,
2025-08-11,V014,Consulting,3410.1,False,
2025-08-11,V046,Maintenance,5607.48,False,
2025-08-11,V016,Maintenance,683.15,False,
2025-08-11,V026,Travel,2949.11,False,
2025-08-11,V048,Maintenance,4912.48,True,below_threshold
2025-08-12,V036,Utilities,157.74,False,
2025-08-12,V030,Travel,8000.0,True,round_number
2025-08-12,V036,Consulting,208.86,False,
2025-08-12,V011,Maintenance,845.45,False,
2025-08-12,V036,Travel,1368.39,False,
2025-08-12,V013,Utilities,580.62,False,
2025-08-12,V020,Consulting,797.47,False,
2025-08-12,V024,Travel,4812.46,False,
2025-08-12,V024,Travel,720.4,True,duplicate
2025-08-12,V016,Consulting,150.71,False,
2025-08-12,V040,Utilities,665.67,False,
2025-08-12,V035,Utilities,45.61,False,
2025-08-13,V013,Supplies,850.95,False,
2025-08-13,V010,Consulting,113.38,False,
2025-08-13,V022,Utilities,291.02,False,
2025-08-13,V027,Travel,6.18,False,
2025-08-13,V044,Travel,96.18,False,
2025-08-13,V024,Maintenance,1156.77,False,
2025-08-13,V046,Maintenance,500.64,False,
2025-08-13,V033,Maintenance,596.52,False,
2025-08-13,V002,Maintenance,5290.51,False,
2025-08-13,V017,Maintenance,324.75,False,
2025-08-13,V042,Consulting,385.2,False,
2025-08-13,V020,Consulting,1606.6,False,
2025-08-13,V033,Consulting,13557.72,False,
2025-08-13,V035,Travel,1796.01,False,
2025-08-13,V039,Supplies,159.74,False,
2025-08-13,V008,Consulting,711.6,False,
2025-08-14,V044,Utilities,511.57,False,
2025-08-14,V048,Utilities,1326.44,False,
2025-08-14,V036,Supplies,143.54,False,
2025-08-14,V009,Utilities,48.1,False,
2025-08-14,V023,Supplies,452.85,False,
2025-08-14,V034,Travel,4354.58,False,
2025-08-14,V036,Utilities,1413.8,False,
2025-08-14,V046,Consulting,273.87,True,fabricated
2025-08-14,V003,Maintenance,136.01,False,
2025-08-14,V033,Maintenance,221.18,False,
2025-08-14,V015,Travel,487.7,False,
2025-08-14,V050,Maintenance,491.01,False,
2025-08-14,V041,Travel,965.05,False,
2025-08-14,V025,Maintenance,304.49,False,
2025-08-14,V037,Supplies,151.5,False,
2025-08-15,V004,Utilities,7852.47,False,
2025-08-15,V035,Supplies,3602.29,False,
2025-08-15,V005,Utilities,87.72,False,
2025-08-15,V009,Travel,2670.46,False,
2025-08-15,V029,Maintenance,10000.0,True,round_number
2025-08-15,V038,Utilities,187.21,False,
2025-08-15,V025,Maintenance,383.16,False,
2025-08-15,V020,Consulting,254.26,False,
2025-08-15,V042,Maintenance,3800.39,False,
2025-08-15,V020,Consulting,1271.03,False,
2025-08-15,V041,Consulting,757.87,False,
2025-08-15,V029,Consulting,357.94,False,
2025-08-15,V018,Supplies,13087.29,False,
2025-08-15,V034,Consulting,749.21,False,
2025-08-15,V031,Utilities,211.07,False,
2025-08-15,V008,Maintenance,12097.11,False,
2025-08-15,V015,Maintenance,618.78,False,
2025-08-16,V036,Maintenance,175.63,False,
2025-08-16,V025,Supplies,243.06,False,
2025-08-16,V003,Travel,408.98,False,
2025-08-16,V026,Maintenance,6404.97,False,
2025-08-16,V030,Supplies,661.9,False,
2025-08-17,V010,Travel,119.81,False,
2025-08-17,V044,Maintenance,518.23,False,
2025-08-17,V020,Supplies,783.87,False,
2025-08-17,V038,Maintenance,92.05,False,
2025-08-17,V012,Consulting,552.96,False,
2025-08-17,V038,Travel,672.65,False,
2025-08-17,V047,Supplies,2370.23,False,
2025-08-17,V048,Supplies,331.84,False,
2025-08-17,V031,Supplies,30609.44,False,
2025-08-17,V001,Travel,58.61,False,
2025-08-17,V033,Travel,170.58,False,
2025-08-17,V028,Travel,342.74,False,
2025-08-17,V044,Consulting,51441.52,False,
2025-08-17,V046,Travel,2058.37,False,
2025-08-17,V011,Utilities,95.45,False,
2025-08-18,V018,Supplies,1196.28,False,
2025-08-18,V001,Supplies,3494.65,False,
2025-08-18,V038,Consulting,52.61,False,
2025-08-18,V016,Consulting,3802.85,False,
2025-08-18,V031,Travel,6433.86,False,
2025-08-18,V033,Consulting,2918.96,False,
2025-08-18,V006,Travel,665.91,False,
2025-08-18,V026,Supplies,683.09,False,
2025-08-18,V045,Maintenance,8890.14,False,
2025-08-18,V027,Travel,4518.29,False,
2025-08-18,V029,Travel,42.48,False,
2025-08-19,V050,Supplies,141.97,False,
2025-08-19,V016,Consulting,557.53,False,
2025-08-19,V011,Travel,898.8,False,
2025-08-19,V041,Travel,904.88,False,
2025-08-19,V029,Supplies,2915.75,False,
2025-08-19,V046,Travel,42.23,False,
2025-08-19,V023,Travel,522.12,False,
2025-08-19,V036,Travel,658.92,False,
2025-08-19,V044,Utilities,1475.51,False,
2025-08-19,V038,Supplies,856.63,False,
2025-08-19,V041,Consulting,8550.33,True,fabricated
2025-08-19,V032,Maintenance,2622.98,False,
2025-08-19,V036,Supplies,17243.43,False,
2025-08-19,V034,Travel,74.69,False,
2025-08-20,V021,Supplies,296.68,False,
2025-08-20,V041,Travel,445.23,False,
2025-08-20,V012,Supplies,135.5,False,
2025-08-20,V001,Utilities,1139.42,False,
2025-08-20,V014,Supplies,451.2,False,
2025-08-20,V045,Travel,4425.88,False,
2025-08-20,V019,Maintenance,1283.84,False,
2025-08-20,V011,Maintenance,642.64,False,
2025-08-20,V016,Maintenance,291.71,False,
2025-08-20,V012,Supplies,255.28,False,
2025-08-20,V003,Travel,20345.69,False,
2025-08-20,V020,Supplies,462.92,False,
2025-08-20,V020,Travel,114.52,False,
2025-08-20,V031,Consulting,564.41,False,
2025-08-20,V003,Utilities,390.67,False,
2025-08-20,V036,Travel,41372.26,False,
2025-08-21,V050,Maintenance,1841.79,False,
2025-08-21,V031,Supplies,1241.61,False,
2025-08-21,V037,Maintenance,369.54,False,
2025-08-21,V046,Supplies,520.42,False,
2025-08-21,V037,Utilities,182.36,False,
2025-08-21,V019,Consulting,4655.43,False,
2025-08-21,V008,Travel,10000.0,True,round_number
2025-08-21,V047,Maintenance,2658.4,False,
2025-08-21,V017,Maintenance,1113.27,False,
2025-08-21,V018,Maintenance,826.43,False,
2025-08-21,V028,Utilities,6030.78,False,
2025-08-21,V048,Utilities,600.12,False,
2025-08-21,V003,Travel,433.57,False,
2025-08-21,V048,Maintenance,1574.99,False,
2025-08-21,V045,Supplies,5972.49,False,
2025-08-21,V001,Supplies,301.22,False,
2025-08-21,V039,Supplies,10250.1,False,
2025-08-22,V036,Travel,358.21,False,
2025-08-22,V041,Utilities,6493.95,False,
2025-08-22,V038,Travel,295.08,False,
2025-08-22,V015,Consulting,2372.36,False,
2025-08-22,V011,Travel,14406.88,False,
2025-08-22,V012,Utilities,5913.74,False,
2025-08-22,V018,Supplies,168.73,False,
2025-08-22,V037,Utilities,296.98,False,
2025-08-22,V036,Utilities,5703.38,False,
2025-08-23,V031,Supplies,1241.61,True,duplicate
2025-08-23,V035,Travel,503.58,False,
2025-08-23,V022,Consulting,1589.79,False,
2025-08-23,V050,Utilities,311.15,False,
2025-08-23,V048,Maintenance,819.92,False,
2025-08-23,V016,Consulting,6512.19,False,
2025-08-23,V012,Travel,756.46,False,
2025-08-23,V044,Travel,1245.35,False,
2025-08-23,V039,Supplies,128.1,False,
2025-08-23,V020,Consulting,3074.15,False,
2025-08-24,V016,Utilities,721.11,False,
2025-08-24,V029,Travel,24611.98,False,
2025-08-24,V047,Maintenance,1868.28,False,
2025-08-24,V006,Utilities,105.12,False,
2025-08-24,V039,Supplies,62.88,False,
2025-08-24,V022,Supplies,496.46,False,
2025-08-24,V048,Utilities,152.74,False,
2025-08-24,V029,Maintenance,569.71,False,
2025-08-24,V017,Supplies,3317.51,False,
2025-08-25,V005,Consulting,1795.99,False,
2025-08-25,V004,Supplies,289.55,False,
2025-08-25,V022,Consulting,841.46,False,
2025-08-25,V040,Consulting,988.16,False,
2025-08-25,V019,Consulting,1925.98,False,
2025-08-25,V017,Maintenance,4738.21,False,
2025-08-25,V016,Maintenance,8444.74,False,
2025-08-25,V042,Maintenance,307.75,False,
2025-08-25,V033,Maintenance,2467.37,False,
2025-08-26,V013,Maintenance,227.25,False,
2025-08-26,V017,Supplies,602.77,False,
2025-08-26,V024,Travel,920.73,False,
2025-08-26,V033,Consulting,494.47,False,
2025-08-26,V012,Travel,1760.11,False,
2025-08-26,V015,Maintenance,280.34,False,
2025-08-26,V001,Utilities,836.94,False,
2025-08-26,V045,Utilities,157.5,False,
2025-08-26,V008,Maintenance,1314.82,False,
2025-08-26,V020,Supplies,1716.19,False,
2025-08-26,V003,Utilities,1219.65,False,
2025-08-26,V048,Utilities,324.78,False,
2025-08-26,V026,Supplies,665.23,False,
2025-08-26,V005,Consulting,1924.13,False,
2025-08-26,V032,Consulting,847.35,False,
2025-08-27,V016,Utilities,3526.36,False,
2025-08-27,V032,Travel,515.57,False,
2025-08-27,V018,Travel,3835.05,False,
2025-08-27,V037,Supplies,505.89,False,
2025-08-27,V042,Maintenance,355.55,False,
2025-08-27,V043,Utilities,3094.31,False,
2025-08-27,V008,Consulting,3890.11,False,
2025-08-27,V020,Maintenance,275.24,False,
2025-08-27,V009,Travel,5194.86,False,
2025-08-27,V015,Supplies,12781.26,False,
2025-08-27,V033,Travel,462.34,False,
2025-08-27,V013,Maintenance,4088.87,False,
2025-08-27,V007,Travel,143.98,False,
2025-08-27,V041,Consulting,288.43,False,
2025-08-27,V018,Utilities,793.18,False,
2025-08-27,V046,Travel,125.43,False,
2025-08-27,V021,Consulting,186.97,False,
2025-08-27,V031,Maintenance,786.09,False,
2025-08-28,V038,Supplies,3497.52,False,
2025-08-28,V013,Supplies,1335.64,False,
2025-08-28,V045,Supplies,2187.93,False,
2025-08-28,V012,Utilities,337.54,False,
2025-08-28,V050,Utilities,497.44,False,
2025-08-28,V003,Consulting,818.65,False,
2025-08-28,V042,Maintenance,256.62,False,
2025-08-28,V010,Consulting,2165.25,False,
2025-08-28,V003,Supplies,53.27,False,
2025-08-28,V043,Travel,3426.63,False,
2025-08-28,V045,Maintenance,186.64,False,
2025-08-28,V046,Utilities,722.14,False,
2025-08-28,V004,Travel,193.28,False,
2025-08-29,V002,Utilities,156.35,False,
2025-08-29,V031,Consulting,177.92,False,
2025-08-29,V026,Consulting,29.87,False,
2025-08-29,V049,Maintenance,605.08,False,
2025-08-29,V027,Utilities,80.76,False,
2025-08-29,V044,Supplies,57.27,False,
2025-08-29,V015,Consulting,2352.36,False,
2025-08-29,V015,Maintenance,10000.0,True,round_number
2025-08-29,V029,Travel,3109.14,False,
2025-08-29,V048,Maintenance,744.35,False,
2025-08-29,V044,Travel,65.31,False,
2025-08-29,V021,Consulting,303.94,False,
2025-08-29,V017,Consulting,6575.98,False,
2025-08-30,V012,Consulting,298.33,False,
2025-08-30,V037,Consulting,959.19,False,
2025-08-30,V010,Travel,147.33,False,
2025-08-30,V018,Supplies,812.5,False,
2025-08-30,V012,Supplies,47.6,False,
2025-08-30,V034,Maintenance,427.34,False,
2025-08-30,V043,Supplies,889.94,False,
2025-08-30,V039,Maintenance,1406.0,False,
2025-08-30,V015,Supplies,1272.81,False,
2025-08-30,V018,Supplies,1527.8,False,
2025-08-31,V005,Maintenance,361.22,False,
2025-08-31,V034,Supplies,135.85,False,
2025-08-31,V028,Supplies,426.39,False,
2025-08-31,V048,Supplies,1515.93,False,
2025-08-31,V032,Supplies,239.05,False,
2025-08-31,V028,Consulting,1858.45,False,
2025-08-31,V037,Utilities,4712.0,False,
2025-08-31,V002,Supplies,143.39,False,
2025-08-31,V021,Consulting,37934.93,False,
2025-08-31,V041,Supplies,587.41,False,
2025-08-31,V020,Travel,157.19,False,
2025-08-31,V036,Utilities,137.78,False,
2025-09-01,V047,Supplies,1057.09,False,
2025-09-01,V044,Travel,495.52,False,
2025-09-01,V028,Supplies,224.57,False,
2025-09-01,V024,Utilities,137.58,False,
2025-09-01,V031,Supplies,3355.15,False,
2025-09-01,V046,Utilities,669.65,False,
2025-09-01,V025,Maintenance,30.07,False,
2025-09-01,V036,Maintenance,3591.0,False,
2025-09-01,V009,Supplies,307.48,False,
2025-09-02,V047,Consulting,322.43,False,
2025-09-02,V023,Supplies,735.2,False,
2025-09-02,V018,Supplies,570.57,False,
2025-09-02,V040,Travel,5493.1,False,
2025-09-02,V044,Supplies,202.56,False,
2025-09-02,V011,Maintenance,3425.87,False,
2025-09-02,V032,Consulting,66.24,False,
2025-09-02,V028,Maintenance,1166.17,False,
2025-09-02,V001,Maintenance,2000.0,True,round_number
2025-09-02,V023,Utilities,5397.32,False,
2025-09-02,V038,Travel,54.56,False,
2025-09-02,V042,Supplies,131.09,False,
2025-09-02,V026,Maintenance,88.81,False,
2025-09-03,V049,Consulting,673.27,False,
2025-09-03,V027,Travel,2223.9,False,
2025-09-03,V018,Travel,3158.5,False,
2025-09-03,V027,Travel,361.05,False,
2025-09-03,V036,Consulting,6639.0,True,fabricated
2025-09-03,V021,Travel,633.2,False,
2025-09-03,V047,Supplies,1056.56,False,
2025-09-03,V032,Supplies,26.85,False,
2025-09-03,V005,Consulting,696.32,False,
2025-09-03,V046,Consulting,268.42,False,
2025-09-03,V027,Travel,587.38,False,
2025-09-04,V047,Supplies,1968.17,False,
2025-09-04,V040,Supplies,212.99,False,
2025-09-04,V028,Utilities,462.24,False,
2025-09-04,V034,Maintenance,1299.03,False,
2025-09-04,V001,Consulting,9538.28,False,
2025-09-04,V007,Utilities,1094.01,False,
2025-09-04,V043,Utilities,1915.15,False,
2025-09-04,V044,Utilities,1989.0,False,
2025-09-04,V004,Supplies,42.4,False,
2025-09-04,V043,Utilities,84.44,False,
2025-09-04,V036,Travel,288.59,False,
2025-09-05,V047,Consulting,350.67,False,
2025-09-05,V029,Travel,3000.0,True,round_number
2025-09-05,V011,Supplies,2039.3,False,
2025-09-05,V023,Consulting,726.12,False,
2025-09-05,V008,Travel,764.47,False,
2025-09-05,V044,Supplies,202.56,True,duplicate
2025-09-05,V013,Maintenance,26.28,False,
2025-09-05,V003,Supplies,8932.8,False,
2025-09-05,V015,Utilities,4243.81,False,
2025-09-05,V003,Maintenance,1740.55,False,
2025-09-05,V028,Utilities,835.75,False,
2025-09-05,V043,Travel,313.79,False,
2025-09-05,V014,Utilities,1671.88,False,
2025-09-05,V014,Travel,3619.36,False,
2025-09-05,V012,Consulting,428.8,False,
2025-09-05,V031,Supplies,438.23,False,
2025-09-06,V017,Utilities,879.21,False,
2025-09-06,V020,Travel,27.14,False,
2025-09-06,V029,Utilities,1000.7,False,
2025-09-06,V027,Consulting,740.58,False,
2025-09-06,V008,Travel,3254.75,False,
2025-09-06,V032,Supplies,8464.68,False,
2025-09-06,V043,Maintenance,2608.91,False,
2025-09-06,V011,Travel,140.87,False,
2025-09-06,V038,Utilities,105.33,False,
2025-09-06,V006,Maintenance,51.36,False,
2025-09-06,V007,Maintenance,782.13,False,
2025-09-07,V014,Supplies,291.89,False,
2025-09-07,V032,Supplies,489.08,False,
2025-09-07,V007,Maintenance,1108.68,False,
2025-09-07,V032,Utilities,33602.77,False,
2025-09-07,V016,Supplies,328.3,False,
2025-09-07,V015,Travel,4821.1,False,
2025-09-07,V037,Supplies,223.7,False,
2025-09-07,V039,Utilities,131.46,False,
2025-09-07,V002,Supplies,2084.32,False,
2025-09-07,V030,Utilities,6851.98,False,
2025-09-07,V010,Travel,110.54,False,
2025-09-08,V017,Consulting,633.96,False,
2025-09-08,V008,Maintenance,580.57,False,
2025-09-08,V031,Travel,108.59,False,
2025-09-08,V034,Supplies,2653.84,False,
2025-09-08,V031,Travel,11558.79,False,
2025-09-08,V017,Travel,481.99,False,
2025-09-08,V025,Utilities,1000.0,True,round_number
2025-09-08,V038,Utilities,105.33,True,duplicate
2025-09-08,V030,Consulting,78.12,False,
2025-09-08,V040,Utilities,45.24,False,
2025-09-08,V011,Maintenance,375.51,False,
2025-09-08,V029,Travel,8991.52,False,
2025-09-08,V006,Supplies,910.63,True,fabricated
2025-09-08,V035,Consulting,1328.21,False,
2025-09-08,V045,Consulting,783.51,False,
2025-09-09,V012,Utilities,2366.05,False,
2025-09-09,V042,Consulting,1051.84,False,
2025-09-09,V046,Supplies,51.15,False,
2025-09-09,V030,Travel,200.23,False,
2025-09-09,V030,Maintenance,772.65,False,
2025-09-09,V040,Consulting,309.22,False,
2025-09-09,V036,Travel,1520.01,False,
2025-09-09,V026,Travel,288.7,False,
2025-09-09,V005,Consulting,455.65,False,
2025-09-10,V032,Maintenance,710.07,False,
2025-09-10,V004,Maintenance,427.54,False,
2025-09-10,V045,Supplies,1024.54,False,
2025-09-10,V009,Maintenance,13535.08,False,
2025-09-10,V047,Maintenance,600.98,False,
2025-09-10,V013,Utilities,839.7,False,
2025-09-10,V006,Supplies,11528.13,False,
2025-09-10,V001,Consulting,2362.13,False,
2025-09-10,V025,Supplies,2521.68,False,
2025-09-10,V048,Supplies,3388.98,False,
2025-09-11,V049,Travel,3353.15,False,
2025-09-11,V019,Utilities,2156.25,False,
2025-09-11,V024,Utilities,133.9,False,
2025-09-11,V012,Maintenance,1575.1,False,
2025-09-11,V018,Utilities,406.24,False,
2025-09-11,V016,Maintenance,268.94,False,
2025-09-12,V045,Maintenance,307.89,False,
2025-09-12,V022,Travel,2336.05,False,
2025-09-12,V026,Consulting,59.44,False,
2025-09-12,V007,Consulting,7788.66,False,
2025-09-12,V027,Consulting,445.66,False,
2025-09-12,V011,Consulting,518.8,False,
2025-09-12,V032,Supplies,6316.13,False,
2025-09-12,V036,Supplies,601.54,False,
2025-09-12,V027,Supplies,67.54,False,
2025-09-12,V036,Travel,897.92,False,
2025-09-12,V029,Maintenance,942.34,False,
2025-09-12,V042,Supplies,5978.29,False,
2025-09-13,V020,Utilities,387.02,False,
2025-09-13,V019,Supplies,3945.42,False,
2025-09-13,V043,Supplies,1288.08,False,
2025-09-13,V050,Travel,881.99,False,
2025-09-13,V009,Supplies,9824.72,False,
2025-09-13,V009,Supplies,3.34,False,
2025-09-13,V039,Consulting,2761.16,False,
2025-09-13,V034,Utilities,1276.13,False,
2025-09-13,V023,Maintenance,1881.91,False,
2025-09-13,V017,Utilities,876.75,False,
2025-09-13,V028,Consulting,931.23,False,
2025-09-13,V009,Utilities,1820.81,False,
2025-09-13,V016,Travel,5676.49,False,
2025-09-13,V030,Utilities,115138.55,False,
2025-09-14,V030,Supplies,3742.05,False,
2025-09-14,V005,Consulting,628.93,False,
2025-09-14,V026,Consulting,1888.1,False,
2025-09-14,V030,Utilities,104.63,False,
2025-09-14,V048,Maintenance,40.01,False,
2025-09-14,V047,Travel,1083.08,False,
2025-09-14,V040,Utilities,596.28,False,
2025-09-15,V020,Maintenance,18.51,False,
2025-09-15,V028,Supplies,12478.17,False,
2025-09-15,V004,Consulting,693.35,False,
2025-09-15,V017,Consulting,302.49,False,
2025-09-15,V048,Utilities,1215.16,False,
2025-09-15,V042,Utilities,8428.42,False,
2025-09-15,V043,Utilities,1245.06,False,
2025-09-15,V011,Utilities,4480.67,False,
2025-09-15,V041,Supplies,204.88,False,
2025-09-15,V027,Consulting,76.27,False,
2025-09-15,V011,Maintenance,56.64,False,
2025-09-15,V045,Utilities,92.8,False,
2025-09-15,V015,Consulting,906.9,False,
2025-09-15,V022,Maintenance,55.91,False,
2025-09-15,V050,Utilities,47.7,False,
2025-09-16,V001,Utilities,3482.58,False,
2025-09-16,V044,Consulting,26.17,False,
2025-09-16,V008,Maintenance,101.42,False,
2025-09-16,V024,Utilities,417.08,False,
2025-09-16,V039,Utilities,86.79,False,
2025-09-16,V040,Utilities,106.73,False,
2025-09-16,V045,Maintenance,1467.64,False,
2025-09-16,V006,Maintenance,3732.07,False,
2025-09-16,V015,Travel,218.46,False,
2025-09-16,V028,Travel,224.61,False,
2025-09-16,V041,Utilities,41.8,False,
2025-09-16,V030,Utilities,764.4,False,
2025-09-16,V002,Utilities,3270.63,False,
2025-09-17,V035,Supplies,30.77,False,
2025-09-17,V029,Maintenance,440.96,False,
2025-09-17,V034,Supplies,4.98,False,
2025-09-17,V021,Utilities,123.29,False,
2025-09-17,V007,Consulting,3422.36,False,
2025-09-17,V004,Supplies,812.43,False,
2025-09-17,V016,Travel,219.03,False,
2025-09-17,V040,Supplies,6277.53,False,
2025-09-17,V036,Consulting,15652.44,False,
2025-09-17,V046,Utilities,571.97,False,
2025-09-17,V037,Supplies,13.03,False,
2025-09-17,V017,Travel,1525.69,False,
2025-09-17,V017,Supplies,4384.88,False,
2025-09-17,V037,Maintenance,2792.2,False,
2025-09-17,V036,Supplies,10000.0,True,round_number
2025-09-18,V031,Supplies,381.74,False,
2025-09-18,V041,Utilities,1059.08,False,
2025-09-18,V022,Travel,649.95,False,
2025-09-18,V048,Utilities,42179.9,False,
2025-09-18,V012,Maintenance,515.67,False,
2025-09-18,V019,Travel,2778.89,False,
2025-09-18,V004,Utilities,588.54,False,
2025-09-18,V021,Utilities,1813.32,False,
2025-09-18,V043,Maintenance,320.62,False,
2025-09-18,V003,Maintenance,214.99,False,
2025-09-18,V047,Maintenance,4529.76,False,
2025-09-19,V008,Travel,333.68,False,
2025-09-19,V045,Consulting,4172.98,False,
2025-09-19,V045,Utilities,1597.29,False,
2025-09-19,V033,Supplies,861.56,False,
2025-09-19,V033,Maintenance,3714.94,False,
2025-09-19,V002,Supplies,1320.28,False,
2025-09-19,V011,Maintenance,489.42,False,
2025-09-19,V032,Maintenance,1177.52,False,
2025-09-19,V029,Consulting,128.3,False,
2025-09-19,V035,Maintenance,546.4,False,
2025-09-19,V044,Travel,16.4,False,
2025-09-20,V032,Maintenance,4848.5,False,
2025-09-20,V001,Supplies,357.02,False,
2025-09-20,V038,Utilities,301.03,False,
2025-09-20,V026,Supplies,245.26,False,
2025-09-20,V041,Utilities,4596.02,False,
2025-09-20,V044,Maintenance,1005.8,False,
2025-09-20,V036,Utilities,463.33,False,
2025-09-20,V001,Travel,12989.48,False,
2025-09-20,V005,Travel,86.58,False,
2025-09-20,V017,Consulting,1474.16,False,
2025-09-20,V024,Supplies,328.11,False,
2025-09-20,V028,Utilities,171.18,False,
2025-09-20,V034,Consulting,823.7,False,
2025-09-21,V039,Consulting,657.88,False,
2025-09-21,V006,Travel,1603.1,False,
2025-09-21,V037,Travel,271.95,False,
2025-09-21,V045,Consulting,3623.01,False,
2025-09-21,V017,Travel,54.23,False,
2025-09-21,V020,Utilities,3098.06,False,
2025-09-21,V026,Utilities,513.14,False,
2025-09-21,V030,Utilities,7278.43,False,
2025-09-21,V038,Travel,87.63,False,
2025-09-21,V027,Maintenance,495.79,False,
2025-09-21,V004,Supplies,52.2,False,
2025-09-21,V027,Maintenance,805.03,False,
2025-09-21,V017,Maintenance,485.23,False,
2025-09-21,V022,Consulting,10648.48,False,
2025-09-21,V030,Utilities,532.35,False,
2025-09-21,V021,Utilities,964.76,False,
2025-09-21,V024,Travel,27160.63,False,
2025-09-22,V038,Utilities,397.23,False,
2025-09-22,V018,Supplies,673.99,False,
2025-09-22,V005,Consulting,208.56,False,
2025-09-22,V001,Utilities,1494.92,False,
2025-09-22,V024,Maintenance,97.83,False,
2025-09-22,V008,Maintenance,309.73,False,
2025-09-22,V033,Travel,4332.26,False,
2025-09-22,V001,Maintenance,170.2,False,
2025-09-22,V019,Travel,1152.67,False,
2025-09-22,V020,Utilities,874.32,False,
2025-09-22,V045,Consulting,126.06,False,
2025-09-22,V014,Maintenance,820.37,False,
2025-09-22,V026,Supplies,6108.44,False,
2025-09-22,V011,Consulting,172.26,False,
2025-09-22,V016,Utilities,1481.28,False,
2025-09-22,V010,Consulting,311.5,False,
2025-09-23,V014,Consulting,417.93,False,
2025-09-23,V030,Consulting,675.15,False,
2025-09-23,V026,Supplies,462.03,False,
2025-09-23,V013,Utilities,619.38,False,
2025-09-23,V031,Travel,10499.29,False,
2025-09-23,V006,Travel,375.31,False,
2025-09-23,V022,Consulting,199.92,False,
2025-09-23,V010,Maintenance,463.69,False,
2025-09-23,V019,Maintenance,59.08,False,
2025-09-23,V024,Maintenance,2625.17,False,
2025-09-23,V029,Utilities,597.55,False,
2025-09-23,V035,Maintenance,838.99,False,
2025-09-23,V021,Utilities,2057.24,False,
2025-09-24,V040,Utilities,241.27,False,
2025-09-24,V009,Travel,731.36,False,
2025-09-24,V039,Maintenance,1022.75,False,
2025-09-24,V010,Maintenance,5723.52,False,
2025-09-24,V050,Consulting,223.94,False,
2025-09-24,V042,Travel,1149.15,False,
2025-09-24,V045,Consulting,733.92,False,
2025-09-24,V023,Maintenance,293.29,False,
2025-09-24,V027,Utilities,41.81,False,
2025-09-24,V015,Supplies,2498.13,False,
2025-09-24,V001,Consulting,16473.74,False,
2025-09-24,V018,Supplies,150.38,False,
2025-09-24,V005,Travel,866.47,False,
2025-09-24,V030,Utilities,65.05,False,
2025-09-24,V038,Maintenance,958.52,False,
2025-09-25,V049,Consulting,186.56,False,
2025-09-25,V032,Utilities,322.02,False,
2025-09-25,V023,Consulting,2505.1,False,
2025-09-25,V002,Consulting,292.02,False,
2025-09-25,V041,Consulting,1492.99,False,
2025-09-25,V033,Utilities,311.27,False,
2025-09-25,V042,Maintenance,240.8,False,
2025-09-25,V029,Travel,1203.73,False,
2025-09-25,V003,Consulting,3186.77,False,
2025-09-25,V013,Utilities,461.33,False,
2025-09-25,V010,Travel,1026.83,False,
2025-09-25,V013,Supplies,232.77,False,
2025-09-25,V001,Supplies,351.53,False,
2025-09-25,V004,Utilities,1830.02,False,
2025-09-26,V004,Travel,123.54,False,
2025-09-26,V042,Supplies,22849.84,False,
2025-09-26,V025,Consulting,214.32,False,
2025-09-26,V041,Consulting,8761.39,False,
2025-09-26,V022,Consulting,1758.24,False,
2025-09-26,V041,Consulting,1155.32,False,
2025-09-26,V042,Supplies,1365.71,False,
2025-09-26,V012,Maintenance,8906.79,False,
2025-09-26,V009,Travel,328.6,False,
2025-09-26,V025,Supplies,10517.27,False,
2025-09-26,V009,Travel,773.32,False,
2025-09-26,V019,Travel,500.59,False,
2025-09-26,V026,Supplies,1891.01,False,
2025-09-26,V024,Utilities,1641.93,False,
2025-09-26,V030,Maintenance,337.21,False,
2025-09-26,V001,Supplies,883.88,False,
2025-09-26,V006,Maintenance,496.42,False,
2025-09-26,V042,Consulting,144.48,False,
2025-09-26,V024,Supplies,76.1,False,
2025-09-27,V031,Travel,401.04,False,
2025-09-27,V042,Consulting,450.04,False,
2025-09-27,V010,Consulting,237.97,False,
2025-09-27,V048,Travel,1564.4,False,
2025-09-27,V035,Consulting,579.67,False,
2025-09-27,V030,Travel,16736.19,False,
2025-09-27,V017,Supplies,1925.2,False,
2025-09-27,V038,Supplies,3449.35,False,
2025-09-27,V027,Consulting,593.15,False,
2025-09-27,V001,Supplies,793.74,False,
2025-09-27,V012,Supplies,1530.11,False,
2025-09-27,V012,Travel,2395.54,False,
2025-09-27,V008,Maintenance,2118.82,False,
2025-09-27,V011,Travel,7180.5,False,
2025-09-27,V016,Utilities,687.88,False,
2025-09-27,V017,Supplies,1442.3,False,
2025-09-27,V026,Travel,599.26,True,fabricated
2025-09-27,V016,Maintenance,2065.04,False,
2025-09-28,V037,Supplies,944.35,False,
2025-09-28,V001,Supplies,511.79,False,
2025-09-28,V028,Supplies,324.91,False,
2025-09-28,V009,Supplies,333.11,False,
2025-09-28,V035,Travel,259.65,False,
2025-09-28,V027,Maintenance,94.89,False,
2025-09-28,V008,Consulting,2263.27,False,
2025-09-28,V018,Travel,3819.31,False,
2025-09-28,V016,Maintenance,77.06,False,
2025-09-28,V042,Consulting,99.11,False,
2025-09-28,V044,Maintenance,2170.41,False,
2025-09-28,V040,Maintenance,1456.78,False,
2025-09-29,V045,Maintenance,13061.61,False,
2025-09-29,V004,Travel,1418.31,False,
2025-09-29,V037,Maintenance,773.69,False,
2025-09-29,V032,Supplies,134.72,False,
2025-09-29,V013,Consulting,1544.5,False,
2025-09-29,V031,Travel,820.4,False,
2025-09-29,V014,Supplies,4546.68,False,
2025-09-29,V035,Travel,2193.46,False,
2025-09-29,V043,Maintenance,213.43,False,
2025-09-29,V005,Utilities,1899.35,False,
2025-09-29,V041,Consulting,159.15,False,
2025-09-29,V013,Travel,178.72,False,
2025-09-29,V005,Supplies,951.02,False,
2025-09-29,V013,Utilities,35.99,False,
2025-09-30,V009,Consulting,364.88,False,
2025-09-30,V008,Consulting,514.38,False,
2025-09-30,V004,Utilities,918.11,False,
2025-09-30,V024,Consulting,1469.34,False,
2025-09-30,V019,Consulting,84.15,False,
2025-09-30,V032,Utilities,176.3,False,
2025-09-30,V005,Travel,579.54,False,
2025-09-30,V031,Travel,102.49,False,
2025-09-30,V003,Maintenance,7245.82,False,
2025-09-30,V013,Consulting,120.62,False,
2025-09-30,V038,Maintenance,512.83,False,
2025-09-30,V047,Maintenance,4036.13,False,
2025-09-30,V026,Maintenance,776.14,False,
2025-09-30,V050,Travel,1174.05,False,
2025-09-30,V040,Consulting,1825.74,False,
2025-09-30,V043,Travel,4396.07,False,
2025-09-30,V009,Supplies,359.58,False,
2025-10-01,V039,Travel,13712.24,False,
2025-10-01,V036,Supplies,131.91,False,
2025-10-01,V035,Travel,2504.55,True,fabricated
2025-10-01,V049,Supplies,1867.99,False,
2025-10-01,V018,Travel,692.25,False,
2025-10-01,V006,Utilities,1049.01,False,
2025-10-01,V024,Consulting,352.28,False,
2025-10-01,V044,Consulting,208.13,False,
2025-10-01,V046,Maintenance,332.82,False,
2025-10-01,V044,Consulting,1189.19,False,
2025-10-01,V027,Travel,4462.29,False,
2025-10-01,V037,Consulting,108.71,False,
2025-10-01,V018,Maintenance,7009.12,False,
2025-10-01,V020,Supplies,289.61,False,
2025-10-01,V045,Maintenance,13061.61,True,duplicate
2025-10-01,V008,Travel,768.46,False,
2025-10-01,V043,Travel,2607.28,False,
2025-10-02,V038,Supplies,653.36,False,
2025-10-02,V006,Consulting,40.44,False,
2025-10-02,V037,Supplies,2113.49,False,
2025-10-02,V009,Supplies,6249.66,True,fabricated
2025-10-02,V008,Maintenance,522.4,False,
2025-10-02,V013,Travel,68.2,False,
2025-10-02,V009,Supplies,1197.56,False,
2025-10-02,V033,Utilities,999.88,False,
2025-10-02,V010,Supplies,208.26,False,
2025-10-02,V004,Utilities,889.98,False,
2025-10-02,V018,Travel,440.53,False,
2025-10-02,V014,Travel,297.82,False,
2025-10-02,V040,Supplies,246.18,False,
2025-10-02,V001,Maintenance,167.34,False,
2025-10-02,V019,Consulting,11908.36,False,
2025-10-02,V009,Utilities,1217.34,False,
2025-10-02,V037,Supplies,1257.36,False,
2025-10-02,V022,Supplies,552.96,False,
2025-10-02,V038,Consulting,103.33,False,
2025-10-03,V015,Supplies,2800.09,False,
2025-10-03,V046,Maintenance,208.52,False,
2025-10-03,V003,Travel,2000.0,True,round_number
2025-10-03,V016,Travel,11234.72,False,
2025-10-03,V010,Consulting,19192.74,False,
2025-10-03,V020,Supplies,1042.92,False,
2025-10-03,V038,Consulting,93.93,False,
2025-10-03,V018,Consulting,382.0,False,
2025-10-03,V003,Travel,179.71,False,
2025-10-03,V001,Supplies,52.48,False,
2025-10-03,V045,Consulting,916.78,False,
2025-10-03,V038,Supplies,192.23,False,
2025-10-03,V001,Supplies,1335.83,False,
2025-10-03,V014,Maintenance,78.6,False,
2025-10-04,V030,Utilities,266.58,False,
2025-10-04,V010,Maintenance,2072.39,False,
2025-10-04,V033,Utilities,793.98,False,
2025-10-04,V036,Travel,6965.02,False,
2025-10-04,V044,Supplies,46107.94,False,
2025-10-04,V020,Travel,1452.37,False,
2025-10-04,V027,Consulting,149.13,False,
2025-10-04,V011,Maintenance,205.18,False,
2025-10-04,V031,Utilities,6289.37,False,
2025-10-04,V015,Consulting,137.14,False,
2025-10-04,V004,Consulting,10482.56,False,
2025-10-04,V009,Consulting,829.84,False,
2025-10-04,V023,Maintenance,672.99,False,
2025-10-05,V042,Consulting,6848.97,False,
2025-10-05,V013,Utilities,3208.65,False,
2025-10-05,V010,Supplies,768.31,False,
2025-10-05,V039,Utilities,10499.56,False,
2025-10-05,V050,Travel,953.92,False,
2025-10-05,V046,Utilities,184.68,False,
2025-10-05,V033,Utilities,1359.43,False,
2025-10-05,V028,Travel,309.34,False,
2025-10-05,V050,Utilities,5189.74,False,
2025-10-05,V017,Consulting,406.4,False,
2025-10-05,V047,Maintenance,36.38,False,
2025-10-05,V022,Utilities,748.93,False,
2025-10-05,V033,Maintenance,224.49,False,
2025-10-05,V048,Maintenance,140.35,False,
2025-10-06,V050,Supplies,4483.24,False,
2025-10-06,V010,Utilities,4562.58,False,
2025-10-06,V043,Utilities,210.84,False,
2025-10-06,V034,Travel,918.08,False,
2025-10-06,V026,Consulting,195.51,False,
2025-10-06,V033,Maintenance,587.47,False,
2025-10-06,V036,Consulting,1171.83,False,
2025-10-06,V019,Consulting,932.99,False,
2025-10-06,V031,Consulting,4936.88,False,
2025-10-06,V029,Supplies,22.98,False,
2025-10-06,V043,Travel,389.24,False,
2025-10-06,V021,Maintenance,90.78,False,
2025-10-06,V018,Maintenance,243.2,False,
2025-10-06,V033,Utilities,574.95,False,
2025-10-06,V033,Supplies,409.12,False,
2025-10-06,V025,Utilities,1985.3,False,
2025-10-06,V032,Supplies,257.61,False,
2025-10-06,V030,Consulting,1398.23,False,
2025-10-06,V043,Maintenance,1990.19,False,
2025-10-06,V029,Supplies,13347.25,False,
2025-10-06,V038,Supplies,392.3,False,
2025-10-06,V044,Maintenance,1017.04,False,
2025-10-06,V024,Consulting,3401.56,False,
2025-10-07,V002,Consulting,14732.23,False,
2025-10-07,V022,Utilities,454.86,False,
2025-10-07,V014,Utilities,94.86,False,
2025-10-07,V020,Travel,1158.98,False,
2025-10-07,V026,Supplies,1461.67,False,
2025-10-07,V009,Maintenance,1461.85,False,
2025-10-07,V042,Maintenance,1327.8,False,
2025-10-07,V024,Maintenance,773.78,False,
2025-10-07,V003,Utilities,591.72,False,
2025-10-07,V033,Consulting,372.85,False,
2025-10-07,V044,Consulting,84.33,False,
2025-10-07,V004,Consulting,345.6,False,
2025-10-07,V008,Maintenance,408.0,False,
2025-10-07,V013,Supplies,118.78,False,
2025-10-07,V005,Utilities,271.17,False,
2025-10-08,V027,Maintenance,205.52,False,
2025-10-08,V010,Maintenance,389.34,False,
2025-10-08,V037,Consulting,88.68,False,
2025-10-08,V044,Supplies,3295.24,False,
2025-10-08,V012,Utilities,2807.66,False,
2025-10-08,V030,Consulting,1040.09,False,
2025-10-08,V026,Consulting,67.1,False,
2025-10-08,V047,Travel,62.99,False,
2025-10-08,V007,Travel,169.58,False,
2025-10-08,V021,Supplies,3023.27,False,
2025-10-08,V010,Supplies,318.69,False,
2025-10-09,V010,Maintenance,353.8,False,
2025-10-09,V010,Consulting,128.93,False,
2025-10-09,V040,Supplies,20156.41,False,
2025-10-09,V004,Utilities,208.52,False,
2025-10-09,V003,Travel,1453.55,False,
2025-10-09,V023,Supplies,39804.93,False,
2025-10-09,V027,Travel,116.9,False,
2025-10-09,V031,Consulting,805.17,False,
2025-10-09,V011,Travel,496.1,False,
2025-10-09,V007,Consulting,751.49,False,
2025-10-09,V012,Travel,4993.59,True,below_threshold
2025-10-09,V016,Maintenance,10765.37,False,
2025-10-09,V015,Supplies,217.2,False,
2025-10-09,V024,Maintenance,2643.1,False,
2025-10-09,V022,Travel,1124.97,False,
2025-10-09,V039,Travel,960.0,False,
2025-10-09,V032,Utilities,387.3,False,
2025-10-09,V043,Utilities,1373.49,False,
2025-10-09,V044,Travel,2817.3,False,
2025-10-09,V031,Consulting,494.2,False,
2025-10-09,V016,Utilities,891.55,False,
2025-10-10,V024,Travel,120.46,False,
2025-10-10,V021,Travel,3467.84,False,
2025-10-10,V028,Travel,41.35,False,
2025-10-10,V001,Consulting,590.84,False,
2025-10-10,V041,Maintenance,104.22,False,
2025-10-10,V031,Consulting,157.78,False,
2025-10-10,V027,Utilities,216.26,False,
2025-10-10,V003,Consulting,1471.63,False,
2025-10-10,V039,Supplies,748.06,False,
2025-10-10,V024,Travel,547.53,False,
2025-10-10,V002,Utilities,107.46,False,
2025-10-10,V017,Maintenance,39.83,False,
2025-10-10,V008,Supplies,6.52,False,
2025-10-10,V035,Utilities,3991.96,False,
2025-10-11,V009,Travel,392.02,False,
2025-10-11,V033,Maintenance,188.2,False,
2025-10-11,V042,Utilities,363.38,False,
2025-10-11,V031,Travel,523.85,False,
2025-10-11,V043,Consulting,1197.97,False,
2025-10-11,V026,Maintenance,11.42,False,
2025-10-11,V017,Utilities,1873.4,False,
2025-10-11,V030,Supplies,237.05,False,
2025-10-11,V042,Travel,413.76,False,
2025-10-11,V047,Travel,118.51,False,
2025-10-11,V027,Maintenance,215.26,False,
2025-10-11,V035,Utilities,4719.36,False,
2025-10-12,V035,Travel,502.93,False,
2025-10-12,V042,Maintenance,323.81,False,
2025-10-12,V046,Maintenance,625.55,False,
2025-10-12,V014,Consulting,985.93,False,
2025-10-12,V007,Travel,340.17,False,
2025-10-12,V038,Maintenance,531.74,False,
2025-10-12,V050,Travel,242.62,False,
2025-10-12,V028,Maintenance,221.56,False,
2025-10-12,V002,Consulting,302.66,False,
2025-10-12,V044,Consulting,1252.81,False,
2025-10-12,V050,Supplies,140.26,False,
2025-10-12,V033,Utilities,10866.95,False,
2025-10-12,V034,Utilities,521.53,False,
2025-10-12,V003,Maintenance,112.5,False,
2025-10-12,V028,Supplies,1798.71,False,
2025-10-12,V035,Utilities,1392.54,False,
2025-10-12,V037,Travel,3474.65,False,
2025-10-13,V011,Utilities,889.83,False,
2025-10-13,V007,Travel,269.77,True,fabricated
2025-10-13,V040,Maintenance,276.06,False,
2025-10-13,V004,Maintenance,6196.1,False,
2025-10-13,V003,Supplies,171.19,False,
2025-10-13,V005,Maintenance,3847.22,False,
2025-10-13,V016,Supplies,848.12,False,
2025-10-13,V044,Supplies,965.14,False,
2025-10-13,V042,Utilities,794.43,False,
2025-10-13,V030,Maintenance,1543.93,False,
2025-10-13,V044,Supplies,141.25,False,
2025-10-13,V034,Travel,614.14,False,
2025-10-13,V017,Supplies,87.0,False,
2025-10-13,V008,Utilities,971.44,False,
2025-10-14,V048,Utilities,713.43,False,
2025-10-14,V004,Consulting,1807.14,False,
2025-10-14,V036,Utilities,370.03,False,
2025-10-14,V047,Maintenance,4173.85,False,
2025-10-14,V047,Maintenance,732.78,False,
2025-10-14,V035,Supplies,1807.91,False,
2025-10-14,V011,Consulting,7807.93,False,
2025-10-14,V013,Supplies,964.9,False,
2025-10-14,V032,Supplies,206.3,False,
2025-10-14,V027,Supplies,335.91,False,
2025-10-15,V035,Utilities,649.32,False,
2025-10-15,V032,Maintenance,9491.47,False,
2025-10-15,V047,Maintenance,4173.85,True,duplicate
2025-10-15,V049,Travel,307.54,False,
2025-10-15,V024,Consulting,1250.52,False,
2025-10-15,V033,Travel,917.33,False,
2025-10-15,V004,Supplies,437.53,False,
2025-10-15,V002,Supplies,164.79,False,
2025-10-15,V005,Travel,1475.32,False,
2025-10-15,V002,Supplies,327.66,False,
2025-10-15,V002,Supplies,1773.12,False,
2025-10-15,V035,Supplies,832.85,False,
2025-10-15,V029,Consulting,81.82,False,
2025-10-15,V001,Supplies,2188.75,False,
2025-10-15,V008,Supplies,206.13,False,
2025-10-15,V046,Maintenance,391.2,False,
2025-10-16,V006,Travel,202.92,False,
2025-10-16,V009,Supplies,49.9,False,
2025-10-16,V050,Maintenance,806.5,False,
2025-10-16,V045,Consulting,765.47,False,
2025-10-16,V006,Supplies,2208.58,False,
2025-10-16,V008,Supplies,1633.75,False,
2025-10-16,V034,Consulting,68.63,False,
2025-10-17,V033,Travel,573.27,False,
2025-10-17,V015,Utilities,1966.29,False,
2025-10-17,V043,Consulting,560.7,False,
2025-10-17,V028,Maintenance,155.97,False,
2025-10-17,V022,Consulting,227.59,False,
2025-10-17,V024,Travel,179.15,False,
2025-10-17,V025,Travel,123.93,False,
2025-10-17,V006,Maintenance,1070.92,False,
2025-10-17,V024,Utilities,79.27,False,
2025-10-17,V004,Consulting,2621.38,False,
2025-10-17,V050,Consulting,1354.32,False,
2025-10-17,V050,Supplies,498.18,False,
2025-10-17,V027,Travel,285.95,False,
2025-10-17,V001,Consulting,1072.46,False,
2025-10-17,V046,Maintenance,1982.48,False,
2025-10-18,V043,Utilities,8000.0,True,round_number
2025-10-18,V043,Utilities,1146.21,False,
2025-10-18,V022,Maintenance,884.12,False,
2025-10-18,V030,Supplies,771.73,False,
2025-10-18,V016,Supplies,495.4,False,
2025-10-18,V048,Utilities,393.27,False,
2025-10-18,V006,Travel,99.92,False,
2025-10-18,V037,Supplies,672.91,False,
2025-10-18,V001,Consulting,5270.44,False,
2025-10-18,V034,Consulting,39.12,False,
2025-10-18,V045,Supplies,871.77,False,
2025-10-18,V035,Supplies,455.18,False,
2025-10-18,V047,Maintenance,241.74,False,
2025-10-18,V046,Consulting,34.8,False,
2025-10-18,V042,Utilities,5743.73,False,
2025-10-18,V050,Supplies,165.25,False,
2025-10-18,V046,Utilities,521.94,False,
2025-10-18,V018,Utilities,1271.1,False,
2025-10-19,V026,Consulting,280.67,False,
2025-10-19,V022,Travel,1466.01,False,
2025-10-19,V032,Maintenance,56.3,False,
2025-10-19,V032,Utilities,104.21,False,
2025-10-19,V033,Maintenance,95.13,False,
2025-10-19,V007,Travel,91.96,False,
2025-10-19,V020,Travel,18.26,False,
2025-10-19,V047,Supplies,467.47,False,
2025-10-19,V009,Travel,306.25,False,
2025-10-19,V005,Consulting,103.9,False,
2025-10-19,V041,Supplies,940.9,False,
2025-10-19,V050,Supplies,10508.16,False,
2025-10-19,V039,Utilities,479.05,False,
2025-10-19,V032,Maintenance,266.47,False,
2025-10-19,V049,Travel,1734.86,False,
2025-10-20,V012,Supplies,648.69,False,
2025-10-20,V021,Utilities,1420.62,False,
2025-10-20,V005,Consulting,2022.42,False,
2025-10-20,V018,Utilities,1624.7,False,
2025-10-20,V020,Utilities,90.87,False,
2025-10-20,V022,Consulting,1097.08,False,
2025-10-20,V009,Maintenance,832.14,False,
2025-10-20,V023,Travel,3784.41,False,
2025-10-20,V022,Utilities,685.66,False,
2025-10-20,V025,Consulting,433.22,False,
2025-10-20,V030,Maintenance,634.41,False,
2025-10-20,V048,Utilities,40.67,False,
2025-10-20,V031,Supplies,215.68,False,
2025-10-20,V028,Consulting,10636.78,False,
2025-10-20,V035,Maintenance,1377.21,False,
2025-10-20,V028,Maintenance,121.22,False,
2025-10-20,V021,Travel,945.66,False,
2025-10-20,V010,Supplies,248.62,False,
2025-10-20,V039,Travel,23451.21,False,
2025-10-20,V049,Maintenance,42.82,False,
2025-10-20,V035,Supplies,63.79,False,
2025-10-20,V039,Utilities,69.96,False,
2025-10-21,V024,Maintenance,194.36,False,
2025-10-21,V021,Maintenance,917.37,False,
2025-10-21,V007,Consulting,30.89,False,
2025-10-21,V044,Consulting,355.29,False,
2025-10-21,V019,Consulting,39.0,False,
2025-10-21,V039,Maintenance,3000.0,True,round_number
2025-10-21,V034,Consulting,4292.54,False,
2025-10-21,V022,Consulting,63.26,False,
2025-10-21,V008,Travel,263.76,False,
2025-10-21,V019,Supplies,3217.53,False,
2025-10-21,V013,Consulting,215.18,False,
2025-10-21,V031,Consulting,618.4,False,
2025-10-21,V024,Maintenance,478.19,False,
2025-10-22,V034,Consulting,1821.93,False,
2025-10-22,V050,Travel,655.21,False,
2025-10-22,V040,Supplies,289.22,False,
2025-10-22,V002,Supplies,122.91,False,
2025-10-22,V036,Travel,440.53,False,
2025-10-22,V042,Utilities,2038.59,False,
2025-10-22,V005,Utilities,335.43,False,
2025-10-22,V006,Maintenance,105.14,False,
2025-10-22,V043,Maintenance,297.85,False,
2025-10-22,V040,Consulting,4791.79,False,
2025-10-23,V044,Travel,510.09,False,
2025-10-23,V002,Utilities,889.59,False,
2025-10-23,V037,Travel,313.68,False,
2025-10-23,V016,Utilities,367.31,False,
2025-10-23,V048,Consulting,776.38,False,
2025-10-23,V006,Maintenance,24.14,False,
2025-10-23,V019,Maintenance,1091.14,False,
2025-10-23,V045,Supplies,282.95,False,
2025-10-23,V004,Maintenance,7.37,False,
2025-10-23,V031,Consulting,1315.45,False,
2025-10-23,V003,Supplies,444.9,False,
2025-10-24,V027,Maintenance,3382.2,False,
2025-10-24,V032,Consulting,9298.64,False,
2025-10-24,V035,Supplies,1406.42,False,
2025-10-24,V027,Consulting,654.78,False,
2025-10-24,V007,Supplies,718.44,False,
2025-10-24,V042,Utilities,2038.59,True,duplicate
2025-10-24,V008,Supplies,3645.78,False,
2025-10-24,V033,Consulting,3594.34,False,
2025-10-25,V002,Supplies,122.91,True,duplicate
2025-10-25,V035,Consulting,844.38,False,
2025-10-25,V016,Utilities,27.95,False,
2025-10-25,V040,Consulting,1271.91,False,
2025-10-25,V019,Travel,1531.56,False,
2025-10-25,V004,Travel,2811.69,False,
2025-10-25,V034,Consulting,191.3,False,
2025-10-25,V045,Travel,1061.5,False,
2025-10-25,V016,Supplies,1159.57,False,
2025-10-26,V038,Travel,791.33,False,
2025-10-26,V044,Maintenance,3745.57,False,
2025-10-26,V049,Consulting,6038.2,False,
2025-10-26,V025,Maintenance,8257.48,False,
2025-10-26,V045,Utilities,1122.24,False,
2025-10-26,V015,Utilities,11156.47,False,
2025-10-26,V036,Travel,52.9,False,
2025-10-26,V005,Utilities,513.8,False,
2025-10-26,V023,Supplies,109.82,False,
2025-10-27,V031,Consulting,1919.06,False,
2025-10-27,V036,Utilities,59.12,False,
2025-10-27,V019,Travel,200.59,False,
2025-10-27,V025,Supplies,6341.07,False,
2025-10-27,V019,Utilities,2011.85,False,
2025-10-27,V014,Supplies,395.19,False,
2025-10-27,V024,Consulting,209.29,False,
2025-10-27,V023,Consulting,1325.03,False,
2025-10-27,V007,Consulting,2820.62,False,
2025-10-27,V018,Maintenance,4148.8,False,
2025-10-27,V009,Maintenance,2331.57,False,
2025-10-28,V007,Consulting,467.87,False,
2025-10-28,V006,Utilities,728.48,False,
2025-10-28,V028,Supplies,67.35,False,
2025-10-28,V005,Maintenance,1079.69,False,
2025-10-28,V045,Utilities,676.61,False,
2025-10-28,V046,Supplies,7779.8,False,
2025-10-28,V050,Supplies,1480.61,False,
2025-10-28,V005,Maintenance,495.25,False,
2025-10-28,V019,Utilities,2011.85,True,duplicate
2025-10-28,V024,Utilities,204.04,False,
2025-10-28,V022,Maintenance,198.46,False,
2025-10-28,V050,Maintenance,216.09,False,
2025-10-28,V011,Maintenance,84.55,False,
2025-10-28,V033,Maintenance,338.18,False,
2025-10-29,V038,Utilities,94.6,False,
2025-10-29,V031,Maintenance,20018.63,False,
2025-10-29,V029,Consulting,468.72,False,
2025-10-29,V022,Travel,128.88,False,
2025-10-29,V050,Maintenance,4866.65,False,
2025-10-29,V027,Travel,161.65,False,
2025-10-29,V017,Utilities,1691.62,False,
2025-10-29,V038,Maintenance,316.81,False,
2025-10-29,V049,Utilities,17.48,False,
2025-10-29,V011,Travel,2465.14,False,
2025-10-29,V046,Travel,1003.23,False,
2025-10-29,V035,Utilities,2637.04,False,
2025-10-29,V024,Supplies,1948.27,False,
2025-10-29,V012,Travel,213.58,False,
2025-10-29,V002,Maintenance,2456.34,False,
2025-10-29,V024,Maintenance,1490.22,False,
2025-10-29,V018,Travel,809.8,False,
2025-10-30,V011,Maintenance,287.63,False,
2025-10-30,V026,Supplies,147.15,False,
2025-10-30,V010,Maintenance,845.2,False,
2025-10-30,V038,Consulting,293.57,False,
2025-10-30,V029,Travel,4994.6,False,
2025-10-30,V037,Utilities,2175.51,False,
2025-10-30,V005,Supplies,279.86,False,
2025-10-30,V028,Maintenance,27.51,False,
2025-10-30,V035,Travel,8027.02,False,
2025-10-30,V033,Consulting,204.43,False,
2025-10-30,V020,Consulting,833.57,False,
2025-10-30,V031,Supplies,39.45,False,
2025-10-30,V019,Utilities,260.34,False,
2025-10-30,V045,Utilities,539.04,False,
2025-10-30,V001,Travel,79.66,False,
2025-10-31,V041,Supplies,624.2,False,
2025-10-31,V012,Travel,2953.22,False,
2025-10-31,V028,Consulting,91.62,False,
2025-10-31,V023,Maintenance,800.19,False,
2025-10-31,V022,Supplies,211.4,False,
2025-10-31,V011,Travel,3106.98,False,
2025-10-31,V010,Travel,195.35,False,
2025-10-31,V021,Consulting,423.32,False,
2025-10-31,V022,Travel,4660.0,False,
2025-10-31,V012,Supplies,13015.49,False,
2025-10-31,V023,Travel,8715.74,False,
2025-10-31,V050,Maintenance,17.61,False,
2025-10-31,V026,Travel,489.88,False,
2025-10-31,V027,Utilities,44653.76,False,
2025-11-01,V040,Travel,329.2,False,
2025-11-01,V035,Maintenance,1873.14,False,
2025-11-01,V042,Utilities,91.54,False,
2025-11-01,V004,Supplies,523.85,False,
2025-11-01,V028,Maintenance,944.3,False,
2025-11-01,V033,Travel,694.16,False,
2025-11-01,V047,Maintenance,1034.68,False,
2025-11-01,V014,Utilities,60.55,False,
2025-11-01,V002,Supplies,198.96,False,
2025-11-01,V046,Consulting,3014.36,False,
2025-11-01,V011,Consulting,1809.97,False,
2025-11-01,V039,Consulting,481.72,False,
2025-11-02,V023,Travel,13299.09,False,
2025-11-02,V041,Consulting,1122.67,False,
2025-11-02,V034,Maintenance,64086.46,False,
2025-11-02,V031,Utilities,19.42,False,
2025-11-02,V001,Supplies,638.4,False,
2025-11-02,V029,Maintenance,813.2,False,
2025-11-02,V009,Maintenance,3166.84,False,
2025-11-02,V031,Utilities,11252.38,False,
2025-11-02,V032,Supplies,1373.71,False,
2025-11-02,V028,Maintenance,4592.48,False,
2025-11-02,V045,Travel,1245.47,False,
2025-11-02,V041,Consulting,304.29,False,
2025-11-02,V006,Travel,111.88,False,
2025-11-02,V013,Supplies,8294.89,False,
2025-11-02,V003,Supplies,195.43,False,
2025-11-02,V039,Maintenance,906.79,False,
2025-11-02,V014,Consulting,115.71,False,
2025-11-03,V046,Consulting,499.89,False,
2025-11-03,V042,Supplies,7276.96,True,fabricated
2025-11-03,V007,Maintenance,582.21,False,
2025-11-03,V039,Travel,324.57,False,
2025-11-03,V026,Supplies,3255.89,False,
2025-11-03,V029,Travel,115.25,False,
2025-11-03,V016,Maintenance,148.37,False,
2025-11-03,V028,Maintenance,46.22,False,
2025-11-03,V040,Consulting,12827.46,False,
2025-11-03,V039,Maintenance,106.74,False,
2025-11-03,V029,Utilities,3920.94,False,
2025-11-03,V015,Consulting,3482.47,False,
2025-11-03,V012,Consulting,1332.41,False,
2025-11-04,V044,Travel,2715.38,False,
2025-11-04,V009,Supplies,54.87,False,
2025-11-04,V001,Maintenance,15.0,False,
2025-11-04,V034,Travel,6594.76,False,
2025-11-04,V024,Consulting,9305.18,False,
2025-11-04,V043,Maintenance,218.25,False,
2025-11-04,V045,Travel,64.7,False,
2025-11-04,V028,Maintenance,944.3,True,duplicate
2025-11-04,V003,Travel,277.6,False,
2025-11-04,V021,Supplies,632.02,False,
2025-11-04,V037,Supplies,623.94,False,
2025-11-04,V018,Utilities,71.4,False,
2025-11-04,V023,Utilities,845.47,False,
2025-11-04,V008,Travel,296.79,False,
2025-11-04,V013,Supplies,151.34,False,
2025-11-05,V033,Travel,97.14,False,
2025-11-05,V018,Supplies,260.72,False,
2025-11-05,V012,Supplies,2959.46,False,
2025-11-05,V043,Consulting,257.13,False,
2025-11-05,V049,Supplies,124.69,False,
2025-11-05,V030,Travel,1052.65,True,fabricated
2025-11-05,V017,Utilities,54.93,False,
2025-11-05,V010,Travel,17115.06,False,
2025-11-05,V034,Utilities,165.31,False,
2025-11-05,V009,Consulting,7221.11,False,
2025-11-05,V024,Supplies,207.64,False,
2025-11-05,V007,Travel,1438.04,False,
2025-11-05,V025,Supplies,363.71,False,
2025-11-05,V015,Maintenance,1120.7,False,
2025-11-05,V046,Consulting,10452.91,False,
2025-11-05,V035,Supplies,83.45,False,
2025-11-06,V042,Maintenance,163.82,False,
2025-11-06,V001,Maintenance,172.51,False,
2025-11-06,V045,Utilities,90.37,False,
2025-11-06,V009,Maintenance,3969.03,False,
2025-11-06,V012,Travel,14270.3,False,
2025-11-06,V033,Supplies,371.26,False,
2025-11-06,V050,Supplies,5656.58,False,
2025-11-06,V004,Consulting,1359.19,False,
2025-11-06,V001,Consulting,732.24,False,
2025-11-06,V047,Consulting,872.54,False,
2025-11-06,V015,Supplies,9048.91,False,
2025-11-06,V008,Utilities,5488.15,False,
2025-11-06,V029,Maintenance,1034.18,False,
2025-11-06,V013,Maintenance,65.05,False,
2025-11-07,V023,Supplies,867.37,False,
2025-11-07,V003,Utilities,476.19,True,fabricated
2025-11-07,V010,Travel,181.67,False,
2025-11-07,V007,Maintenance,658.15,False,
2025-11-07,V038,Maintenance,620.9,False,
2025-11-07,V041,Travel,258.83,False,
2025-11-07,V015,Travel,536.3,False,
2025-11-07,V001,Travel,362.25,False,
2025-11-07,V007,Supplies,816.37,False,
2025-11-07,V044,Consulting,136.04,False,
2025-11-07,V009,Travel,12138.7,False,
2025-11-07,V040,Utilities,453.16,False,
2025-11-07,V044,Utilities,1943.85,False,
2025-11-07,V017,Consulting,5355.18,False,
2025-11-07,V045,Supplies,2402.98,False,
2025-11-07,V003,Supplies,3038.79,False,
2025-11-07,V007,Consulting,94.94,False,
2025-11-07,V037,Maintenance,603.37,False,
2025-11-07,V027,Utilities,668.0,False,
2025-11-07,V036,Travel,375.14,False,
2025-11-07,V031,Consulting,1039.75,False,
2025-11-07,V050,Supplies,850.09,False,
2025-11-07,V030,Consulting,237.34,False,
2025-11-07,V013,Maintenance,1073.05,False,
2025-11-07,V006,Utilities,321.25,False,
2025-11-07,V007,Maintenance,3151.72,False,
2025-11-07,V036,Utilities,1047.64,False,
2025-11-08,V037,Supplies,613.76,False,
2025-11-08,V010,Utilities,127.44,False,
2025-11-08,V013,Supplies,1722.56,False,
2025-11-08,V038,Travel,1125.94,False,
2025-11-08,V043,Maintenance,10.39,False,
2025-11-08,V043,Travel,1415.32,False,
2025-11-08,V004,Consulting,503.52,False,
2025-11-08,V025,Travel,7238.06,False,
2025-11-08,V018,Consulting,88.35,False,
2025-11-08,V027,Utilities,4248.05,False,
2025-11-08,V017,Consulting,77.43,False,
2025-11-08,V041,Supplies,5409.93,False,
2025-11-08,V034,Maintenance,1098.96,False,
2025-11-08,V009,Utilities,4937.32,False,
2025-11-08,V031,Maintenance,3176.5,False,
2025-11-09,V008,Maintenance,80.7,False,
2025-11-09,V010,Supplies,1171.08,False,
2025-11-09,V005,Travel,80.0,False,
2025-11-09,V006,Consulting,3867.42,False,
2025-11-09,V028,Maintenance,1033.28,False,
2025-11-09,V044,Maintenance,423.65,False,
2025-11-09,V050,Maintenance,821.22,False,
2025-11-09,V022,Utilities,2191.35,False,
2025-11-09,V020,Travel,25.12,False,
2025-11-09,V025,Consulting,1041.35,False,
2025-11-09,V019,Travel,682.1,False,
2025-11-09,V008,Maintenance,1297.01,False,
2025-11-09,V006,Supplies,554.56,False,
2025-11-10,V046,Travel,568.34,False,
2025-11-10,V032,Consulting,449.38,False,
2025-11-10,V016,Maintenance,260.12,False,
2025-11-10,V011,Maintenance,3637.1,False,
2025-11-10,V023,Consulting,8440.04,False,
2025-11-10,V006,Utilities,660.62,False,
2025-11-10,V032,Utilities,9967.18,False,
2025-11-10,V048,Maintenance,14.3,False,
2025-11-10,V040,Supplies,3481.37,False,
2025-11-10,V006,Supplies,392.11,False,
2025-11-10,V048,Travel,6476.26,False,
2025-11-10,V002,Supplies,1233.76,False,
2025-11-10,V039,Maintenance,81.56,False,
2025-11-11,V014,Travel,226.57,False,
2025-11-11,V042,Supplies,672.53,False,
2025-11-11,V031,Travel,1094.75,False,
2025-11-11,V007,Utilities,257.83,False,
2025-11-11,V012,Consulting,1552.61,False,
2025-11-11,V025,Consulting,256.34,False,
2025-11-11,V006,Utilities,276.01,False,
2025-11-11,V011,Maintenance,1587.18,False,
2025-11-11,V048,Maintenance,7583.81,False,
2025-11-11,V014,Maintenance,7874.05,False,
2025-11-11,V017,Travel,220.79,False,
2025-11-11,V050,Maintenance,534.04,False,
2025-11-11,V046,Maintenance,2102.09,False,
2025-11-11,V021,Maintenance,96.4,False,
2025-11-11,V032,Supplies,525.77,False,
2025-11-11,V033,Utilities,107.4,False,
2025-11-11,V022,Utilities,65.13,False,
2025-11-12,V001,Maintenance,55.96,False,
2025-11-12,V007,Consulting,153.67,False,
2025-11-12,V041,Supplies,285.55,False,
2025-11-12,V035,Consulting,1247.61,False,
2025-11-12,V036,Utilities,611.56,False,
2025-11-12,V019,Travel,537.96,False,
2025-11-12,V004,Consulting,11290.28,False,
2025-11-12,V006,Maintenance,2892.55,False,
2025-11-12,V048,Travel,12842.19,False,
2025-11-12,V042,Maintenance,1559.09,False,
2025-11-12,V034,Supplies,572.13,False,
2025-11-12,V023,Utilities,286.84,False,
2025-11-12,V009,Utilities,1742.7,False,
2025-11-12,V017,Supplies,42.27,False,
2025-11-13,V023,Consulting,2313.28,False,
2025-11-13,V048,Utilities,219.47,False,
2025-11-13,V037,Supplies,1340.37,False,
2025-11-13,V028,Maintenance,2190.62,False,
2025-11-13,V035,Travel,89.76,False,
2025-11-13,V040,Maintenance,100.39,False,
2025-11-13,V004,Maintenance,126.36,False,
2025-11-13,V017,Supplies,496.64,False,
2025-11-13,V041,Utilities,43.32,False,
2025-11-13,V038,Maintenance,1843.97,False,
2025-11-13,V004,Supplies,3082.47,False,
2025-11-14,V015,Supplies,1330.79,False,
2025-11-14,V036,Utilities,237.68,False,
2025-11-14,V023,Utilities,286.84,True,duplicate
2025-11-14,V016,Maintenance,575.79,False,
2025-11-14,V015,Utilities,322.44,False,
2025-11-14,V001,Maintenance,1650.31,False,
2025-11-14,V040,Utilities,1305.9,False,
2025-11-15,V048,Consulting,2045.8,False,
2025-11-15,V012,Supplies,282.16,False,
2025-11-15,V031,Utilities,223.41,False,
2025-11-15,V038,Supplies,1500.66,False,
2025-11-15,V024,Utilities,984.54,False,
2025-11-15,V008,Maintenance,426.57,False,
2025-11-15,V044,Supplies,132.03,False,
2025-11-15,V015,Maintenance,810.18,False,
2025-11-15,V031,Maintenance,7011.99,False,
2025-11-15,V008,Travel,2240.2,False,
2025-11-15,V023,Consulting,332.18,False,
2025-11-15,V013,Consulting,346.18,False,
2025-11-15,V026,Travel,598.36,False,
2025-11-16,V002,Utilities,285.53,False,
2025-11-16,V005,Supplies,300.0,False,
2025-11-16,V039,Consulting,352.84,False,
2025-11-16,V026,Utilities,2234.03,False,
2025-11-16,V007,Supplies,146.36,False,
2025-11-16,V023,Maintenance,545.84,False,
2025-11-16,V031,Utilities,4327.95,False,
2025-11-16,V017,Utilities,2429.2,False,
2025-11-16,V033,Supplies,97.95,False,
2025-11-16,V033,Maintenance,1189.05,False,
2025-11-16,V041,Travel,317.32,False,
2025-11-16,V013,Supplies,641.43,False,
2025-11-16,V038,Maintenance,49.92,False,
2025-11-17,V029,Consulting,136.98,False,
2025-11-17,V025,Travel,716.8,False,
2025-11-17,V028,Supplies,1456.92,False,
2025-11-17,V034,Maintenance,2644.23,False,
2025-11-17,V046,Travel,878.68,False,
2025-11-17,V001,Utilities,259.47,False,
2025-11-17,V011,Maintenance,83.31,False,
2025-11-17,V040,Supplies,301.03,False,
2025-11-17,V047,Consulting,38.31,False,
2025-11-17,V033,Maintenance,4346.78,False,
2025-11-17,V010,Utilities,255.64,False,
2025-11-17,V002,Supplies,3711.84,False,
2025-11-18,V010,Utilities,3432.07,True,duplicate
2025-11-18,V029,Consulting,224.87,False,
2025-11-18,V027,Consulting,16047.31,False,
2025-11-18,V027,Consulting,230.38,False,
2025-11-18,V044,Consulting,238.67,False,
2025-11-18,V050,Consulting,942.63,False,
2025-11-18,V016,Supplies,1091.16,False,
2025-11-18,V047,Maintenance,1440.88,False,
2025-11-18,V047,Supplies,148.95,False,
2025-11-18,V010,Utilities,3432.07,False,
2025-11-18,V046,Utilities,18531.22,False,
2025-11-18,V019,Utilities,463.56,False,
2025-11-18,V037,Utilities,355.73,False,
2025-11-19,V019,Supplies,2777.19,False,
2025-11-19,V008,Utilities,815.93,False,
2025-11-19,V006,Maintenance,971.71,False,
2025-11-19,V016,Supplies,38.8,False,
2025-11-19,V039,Travel,2333.52,False,
2025-11-19,V030,Consulting,812.61,False,
2025-11-19,V049,Supplies,356.53,False,
2025-11-19,V027,Supplies,2175.74,False,
2025-11-20,V026,Consulting,45920.92,False,
2025-11-20,V033,Travel,44.25,False,
2025-11-20,V038,Maintenance,204.16,False,
2025-11-20,V039,Consulting,1070.21,False,
2025-11-20,V020,Supplies,406.47,False,
2025-11-20,V020,Travel,400.85,False,
2025-11-20,V049,Supplies,968.85,False,
2025-11-20,V022,Travel,2584.0,False,
2025-11-20,V008,Maintenance,1616.78,False,
2025-11-20,V030,Travel,13672.06,False,
2025-11-21,V002,Maintenance,1687.61,False,
2025-11-21,V045,Maintenance,933.06,False,
2025-11-21,V002,Supplies,550.84,False,
2025-11-21,V005,Consulting,2076.78,False,
2025-11-21,V034,Consulting,1374.59,False,
2025-11-21,V013,Maintenance,1552.06,False,
2025-11-21,V016,Maintenance,52.35,False,
2025-11-21,V019,Consulting,2000.0,True,round_number
2025-11-21,V010,Maintenance,952.9,False,
2025-11-21,V016,Maintenance,741.59,False,
2025-11-21,V009,Supplies,1685.85,False,
2025-11-21,V031,Supplies,2057.16,False,
2025-11-21,V040,Maintenance,107.49,False,
2025-11-21,V040,Supplies,2000.0,True,round_number
2025-11-22,V027,Consulting,411.53,False,
2025-11-22,V011,Supplies,4038.25,False,
2025-11-22,V009,Utilities,394.81,False,
2025-11-22,V025,Supplies,422.9,False,
2025-11-22,V044,Travel,1220.23,False,
2025-11-22,V043,Maintenance,4545.69,False,
2025-11-22,V023,Travel,4408.58,False,
2025-11-22,V044,Travel,107.21,False,
2025-11-22,V038,Travel,3146.72,False,
2025-11-22,V037,Supplies,846.33,False,
2025-11-22,V032,Maintenance,855.59,True,fabricated
2025-11-22,V041,Maintenance,489.11,False,
2025-11-23,V041,Maintenance,79.08,False,
2025-11-23,V023,Travel,271.55,False,
2025-11-23,V011,Travel,108.22,False,
2025-11-23,V043,Travel,3127.6,False,
2025-11-23,V025,Travel,1207.06,False,
2025-11-23,V018,Supplies,108.07,False,
2025-11-23,V030,Travel,724.69,False,
2025-11-23,V043,Utilities,363.46,False,
2025-11-23,V029,Supplies,507.22,False,
2025-11-24,V002,Supplies,4039.16,False,
2025-11-24,V028,Utilities,289.98,False,
2025-11-24,V004,Maintenance,23.53,False,
2025-11-24,V001,Maintenance,94.48,False,
2025-11-24,V050,Supplies,2966.65,False,
2025-11-24,V004,Maintenance,1000.0,True,round_number
2025-11-24,V001,Travel,1258.47,False,
2025-11-24,V043,Consulting,58.1,False,
2025-11-24,V022,Supplies,453.72,False,
2025-11-24,V047,Maintenance,2626.87,True,fabricated
2025-11-24,V034,Supplies,1360.51,False,
2025-11-24,V048,Consulting,213.49,False,
2025-11-24,V008,Utilities,5965.67,False,
2025-11-24,V002,Utilities,414.27,False,
2025-11-24,V029,Utilities,151.8,False,
2025-11-24,V023,Consulting,954.68,False,
2025-11-25,V034,Consulting,2080.59,False,
2025-11-25,V033,Consulting,3109.38,False,
2025-11-25,V023,Supplies,50.68,False,
2025-11-25,V005,Consulting,41.6,False,
2025-11-25,V024,Maintenance,127.06,False,
2025-11-25,V034,Maintenance,596.12,False,
2025-11-25,V001,Maintenance,2763.73,False,
2025-11-25,V011,Maintenance,1172.56,False,
2025-11-26,V026,Travel,1452.61,False,
2025-11-26,V018,Consulting,1251.52,False,
2025-11-26,V001,Utilities,271.51,False,
2025-11-26,V048,Consulting,296.35,False,
2025-11-26,V017,Utilities,2394.78,False,
2025-11-26,V047,Supplies,764.94,False,
2025-11-26,V047,Consulting,907.79,False,
2025-11-26,V048,Travel,166.27,False,
2025-11-26,V038,Maintenance,383.15,False,
2025-11-26,V029,Travel,1575.52,False,
2025-11-26,V004,Maintenance,3025.89,False,
2025-11-26,V030,Travel,403.15,False,
2025-11-26,V043,Maintenance,5435.51,False,
2025-11-26,V030,Maintenance,67.36,False,
2025-11-27,V033,Travel,1781.7,False,
2025-11-27,V027,Maintenance,202.44,False,
2025-11-27,V019,Consulting,358.61,False,
2025-11-27,V030,Utilities,182.05,False,
2025-11-27,V002,Utilities,414.27,True,duplicate
2025-11-27,V015,Maintenance,940.26,False,
2025-11-27,V004,Utilities,3639.3,False,
2025-11-27,V027,Maintenance,17176.06,False,
2025-11-28,V009,Travel,7042.85,False,
2025-11-28,V011,Utilities,1597.66,False,
2025-11-28,V017,Consulting,681.06,False,
2025-11-28,V021,Travel,2179.16,False,
2025-11-28,V028,Consulting,48.67,False,
2025-11-28,V004,Supplies,2296.6,False,
2025-11-28,V022,Consulting,4962.19,False,
2025-11-28,V033,Maintenance,269.56,False,
2025-11-28,V040,Supplies,942.6,False,
2025-11-28,V009,Supplies,1002.28,False,
2025-11-28,V030,Consulting,50.0,False,
2025-11-29,V019,Consulting,62.56,False,
2025-11-29,V036,Utilities,1123.94,False,
2025-11-29,V025,Consulting,285.22,False,
2025-11-29,V032,Utilities,2349.89,False,
2025-11-29,V041,Maintenance,1925.81,False,
2025-11-29,V021,Travel,1098.73,False,
2025-11-29,V016,Consulting,30.9,False,
2025-11-29,V018,Supplies,1045.77,False,
2025-11-29,V025,Supplies,116.75,False,
2025-11-30,V050,Supplies,374.1,False,
2025-11-30,V026,Utilities,113.31,False,
2025-11-30,V011,Maintenance,537.75,False,
2025-11-30,V015,Supplies,738.62,False,
2025-11-30,V048,Utilities,1248.87,False,
2025-11-30,V017,Utilities,16275.37,False,
2025-11-30,V037,Supplies,2049.75,False,
2025-11-30,V047,Consulting,656.47,False,
2025-11-30,V023,Maintenance,148.05,False,
2025-11-30,V010,Maintenance,218.95,False,
2025-11-30,V040,Supplies,31603.89,False,
2025-12-01,V046,Supplies,1055.9,False,
2025-12-01,V021,Consulting,5565.88,False,
2025-12-01,V002,Consulting,214.96,False,
2025-12-01,V044,Supplies,359.36,False,
2025-12-01,V039,Maintenance,755.35,False,
2025-12-01,V021,Supplies,21079.51,False,
2025-12-01,V021,Travel,2179.16,True,duplicate
2025-12-01,V035,Maintenance,66.22,False,
2025-12-01,V032,Utilities,1023.09,False,
2025-12-01,V022,Utilities,2039.96,False,
2025-12-01,V014,Utilities,2343.88,False,
2025-12-01,V020,Consulting,359.48,False,
2025-12-01,V015,Supplies,539.47,False,
2025-12-01,V047,Maintenance,390.76,False,
2025-12-02,V047,Utilities,87.49,False,
2025-12-02,V038,Travel,184.97,False,
2025-12-02,V011,Utilities,1460.53,False,
2025-12-02,V017,Travel,4643.4,False,
2025-12-02,V010,Supplies,507.86,False,
2025-12-02,V046,Supplies,610.66,False,
2025-12-02,V028,Utilities,1554.2,False,
2025-12-02,V044,Maintenance,2121.56,False,
2025-12-02,V048,Supplies,1048.73,False,
2025-12-02,V012,Utilities,2793.92,False,
2025-12-02,V016,Utilities,4488.31,False,
2025-12-02,V038,Utilities,745.51,False,
2025-12-02,V002,Consulting,330.4,False,
2025-12-02,V048,Utilities,810.73,False,
2025-12-02,V045,Supplies,372.85,False,
2025-12-02,V045,Supplies,281.26,False,
2025-12-02,V025,Consulting,509.13,False,
2025-12-03,V044,Supplies,74.98,False,
2025-12-03,V025,Maintenance,40.71,False,
2025-12-03,V009,Consulting,271.97,False,
2025-12-03,V043,Maintenance,3118.94,False,
2025-12-03,V035,Travel,978.1,False,
2025-12-03,V026,Travel,2692.6,False,
2025-12-03,V022,Travel,32.0,False,
2025-12-03,V004,Consulting,1030.89,False,
2025-12-03,V004,Utilities,2636.24,False,
2025-12-03,V014,Utilities,17.34,False,
2025-12-03,V013,Supplies,1891.98,False,
2025-12-03,V029,Consulting,43.29,False,
2025-12-03,V025,Consulting,433.85,False,
2025-12-03,V027,Supplies,223.9,False,
2025-12-03,V043,Utilities,153.67,False,
2025-12-03,V019,Maintenance,5211.72,False,
2025-12-03,V038,Utilities,622.81,False,
2025-12-04,V010,Utilities,2829.44,False,
2025-12-04,V043,Maintenance,46.86,False,
2025-12-04,V038,Travel,1527.06,False,
2025-12-04,V029,Consulting,323.91,False,
2025-12-04,V037,Consulting,302.08,False,
2025-12-04,V025,Supplies,4997.07,False,
2025-12-04,V030,Consulting,18.56,False,
2025-12-04,V046,Supplies,5645.95,False,
2025-12-04,V007,Travel,258.87,False,
2025-12-04,V023,Maintenance,78.08,False,
2025-12-04,V002,Consulting,138.58,False,
2025-12-04,V007,Consulting,493.57,False,
2025-12-04,V041,Maintenance,7881.75,True,fabricated
2025-12-04,V020,Consulting,575.76,False,
2025-12-04,V018,Supplies,348.7,False,
2025-12-04,V021,Travel,447.15,False,
2025-12-04,V022,Travel,44.52,False,
2025-12-04,V013,Supplies,652.59,False,
2025-12-04,V042,Supplies,501.76,False,
2025-12-05,V041,Consulting,153.54,False,
2025-12-05,V030,Utilities,239.04,False,
2025-12-05,V001,Utilities,31.57,False,
2025-12-05,V042,Maintenance,711.9,False,
2025-12-05,V044,Travel,2913.07,False,
2025-12-05,V021,Travel,321.34,False,
2025-12-05,V027,Consulting,1352.91,False,
2025-12-05,V015,Maintenance,3094.9,False,
2025-12-05,V047,Consulting,413.11,False,
2025-12-05,V050,Maintenance,1943.78,False,
2025-12-05,V039,Utilities,730.28,False,
2025-12-05,V013,Travel,793.02,False,
2025-12-05,V015,Consulting,1494.87,False,
2025-12-05,V016,Supplies,839.3,False,
2025-12-05,V010,Travel,262.31,False,
2025-12-05,V014,Travel,56.05,False,
2025-12-05,V010,Utilities,1792.66,False,
2025-12-05,V008,Supplies,390.88,False,
2025-12-06,V050,Travel,5216.76,False,
2025-12-06,V014,Maintenance,42.19,False,
2025-12-06,V014,Supplies,745.21,False,
2025-12-06,V030,Maintenance,658.08,False,
2025-12-06,V045,Maintenance,202.15,False,
2025-12-06,V046,Consulting,716.67,False,
2025-12-06,V037,Supplies,2636.28,False,
2025-12-06,V011,Utilities,1541.4,False,
2025-12-06,V011,Utilities,2546.29,False,
2025-12-06,V027,Travel,488.54,False,
2025-12-06,V025,Maintenance,1042.98,False,
2025-12-06,V027,Consulting,284.39,False,
2025-12-06,V016,Travel,54.0,False,
2025-12-06,V021,Supplies,529.16,False,
2025-12-06,V037,Maintenance,221.9,False,
2025-12-06,V021,Supplies,41.06,False,
2025-12-06,V034,Utilities,4212.61,False,
2025-12-06,V021,Maintenance,546.26,False,
2025-12-06,V015,Consulting,1687.83,False,
2025-12-06,V025,Utilities,560.16,False,
2025-12-06,V050,Maintenance,312.21,False,
2025-12-06,V034,Consulting,1919.23,False,
2025-12-07,V047,Travel,281.82,False,
2025-12-07,V034,Supplies,7391.72,False,
2025-12-07,V017,Consulting,3150.11,False,
2025-12-07,V045,Consulting,665.8,False,
2025-12-07,V014,Maintenance,124.72,False,
2025-12-07,V024,Consulting,2415.46,False,
2025-12-07,V025,Consulting,17.44,False,
2025-12-07,V029,Travel,227.53,False,
2025-12-07,V043,Travel,202.59,False,
2025-12-07,V024,Travel,3514.83,False,
2025-12-07,V040,Travel,897.61,False,
2025-12-07,V011,Utilities,534.71,False,
2025-12-08,V033,Supplies,2173.17,False,
2025-12-08,V048,Maintenance,267.06,False,
2025-12-08,V022,Utilities,782.37,False,
2025-12-08,V013,Utilities,102.18,False,
2025-12-08,V046,Consulting,1290.27,False,
2025-12-08,V023,Supplies,804.81,False,
2025-12-08,V024,Supplies,261.88,False,
2025-12-08,V020,Consulting,808.42,False,
2025-12-08,V047,Maintenance,219.97,False,
2025-12-08,V028,Utilities,29.99,False,
2025-12-08,V048,Travel,519.56,False,
2025-12-08,V025,Consulting,358.13,False,
2025-12-08,V027,Utilities,4113.48,False,
2025-12-08,V016,Supplies,575.49,False,
2025-12-08,V005,Maintenance,1678.58,False,
2025-12-08,V048,Supplies,38.17,False,
2025-12-08,V036,Travel,326.51,False,
2025-12-08,V028,Maintenance,3335.55,False,
2025-12-08,V014,Utilities,1721.74,False,
2025-12-08,V032,Travel,2110.18,False,
2025-12-08,V003,Utilities,276.69,False,
2025-12-08,V008,Supplies,3273.02,False,
2025-12-09,V028,Supplies,203.44,False,
2025-12-09,V018,Consulting,51.69,False,
2025-12-09,V043,Consulting,6393.44,False,
2025-12-09,V039,Supplies,322.91,False,
2025-12-09,V026,Consulting,8.87,False,
2025-12-09,V029,Utilities,973.88,False,
2025-12-09,V023,Utilities,37.52,False,
2025-12-09,V044,Utilities,2090.09,False,
2025-12-09,V037,Utilities,422.41,False,
2025-12-09,V015,Maintenance,712.18,False,
2025-12-09,V023,Travel,56.24,False,
2025-12-09,V047,Utilities,789.14,False,
2025-12-09,V035,Supplies,119.23,False,
2025-12-10,V012,Utilities,998.47,False,
2025-12-10,V019,Utilities,61.11,False,
2025-12-10,V034,Supplies,2874.16,False,
2025-12-10,V015,Supplies,243.67,False,
2025-12-10,V017,Utilities,444.58,False,
2025-12-10,V016,Supplies,679.97,False,
2025-12-10,V031,Utilities,3980.96,False,
2025-12-10,V001,Utilities,201.21,False,
2025-12-10,V050,Travel,468.29,False,
2025-12-10,V009,Utilities,1236.98,False,
2025-12-10,V036,Maintenance,507.65,False,
2025-12-11,V030,Travel,73.76,False,
2025-12-11,V049,Consulting,318.75,False,
2025-12-11,V035,Travel,3857.26,False,
2025-12-11,V046,Consulting,177.63,False,
2025-12-11,V012,Supplies,1827.13,False,
2025-12-11,V010,Utilities,2551.6,False,
2025-12-11,V028,Consulting,488.06,False,
2025-12-11,V007,Maintenance,4310.64,False,
2025-12-11,V036,Maintenance,507.65,True,duplicate
2025-12-11,V020,Consulting,891.14,False,
2025-12-11,V033,Supplies,10767.9,False,
2025-12-12,V006,Travel,2252.84,False,
2025-12-12,V018,Maintenance,7438.69,False,
2025-12-12,V012,Maintenance,502.92,False,
2025-12-12,V040,Maintenance,946.4,False,
2025-12-12,V050,Supplies,1424.28,False,
2025-12-12,V026,Utilities,875.31,False,
2025-12-12,V011,Supplies,197.47,False,
2025-12-12,V023,Maintenance,5799.63,False,
2025-12-12,V025,Consulting,2351.77,False,
2025-12-12,V020,Utilities,3901.22,False,
2025-12-12,V006,Supplies,113.53,False,
2025-12-12,V006,Supplies,239.2,False,
2025-12-12,V047,Consulting,808.31,False,
2025-12-12,V047,Utilities,30.69,False,
2025-12-13,V049,Maintenance,483.71,False,
2025-12-13,V032,Travel,180.85,False,
2025-12-13,V035,Utilities,728.04,False,
2025-12-13,V022,Travel,359.03,False,
2025-12-13,V024,Consulting,279.16,False,
2025-12-13,V044,Maintenance,4229.46,False,
2025-12-13,V012,Utilities,8000.0,True,round_number
2025-12-13,V036,Utilities,161.74,False,
2025-12-13,V047,Utilities,367.76,False,
2025-12-13,V010,Consulting,5542.97,False,
2025-12-13,V038,Utilities,1224.44,False,
2025-12-13,V039,Maintenance,72.66,False,
2025-12-13,V042,Travel,1411.58,False,
2025-12-13,V013,Maintenance,50.34,False,
2025-12-14,V031,Travel,44.65,False,
2025-12-14,V023,Maintenance,332.24,False,
2025-12-14,V036,Maintenance,174.04,False,
2025-12-14,V024,Utilities,1719.52,False,
2025-12-14,V048,Supplies,4115.46,False,
2025-12-14,V026,Travel,59.97,False,
2025-12-14,V014,Consulting,111.09,False,
2025-12-14,V012,Travel,356.02,False,
2025-12-14,V004,Consulting,159.93,False,
2025-12-14,V043,Travel,9260.48,False,
2025-12-14,V018,Utilities,828.35,False,
2025-12-14,V001,Maintenance,882.73,False,
2025-12-14,V031,Maintenance,4656.2,False,
2025-12-14,V040,Travel,5490.03,False,
2025-12-14,V038,Maintenance,642.42,False,
2025-12-14,V050,Maintenance,5344.37,False,
2025-12-15,V021,Supplies,279.36,False,
2025-12-15,V028,Utilities,394.84,False,
2025-12-15,V017,Supplies,115.76,False,
2025-12-15,V023,Maintenance,202.84,False,
2025-12-15,V035,Travel,340.25,False,
2025-12-15,V017,Supplies,2430.12,False,
2025-12-15,V032,Supplies,2136.45,False,
2025-12-15,V012,Maintenance,633.53,False,
2025-12-16,V026,Supplies,305.89,False,
2025-12-16,V049,Supplies,285.15,False,
2025-12-16,V022,Supplies,1260.02,False,
2025-12-16,V014,Utilities,1032.75,False,
2025-12-16,V024,Supplies,112.44,False,
2025-12-16,V019,Supplies,1318.92,False,
2025-12-16,V012,Maintenance,1405.27,False,
2025-12-16,V008,Travel,1042.31,False,
2025-12-17,V021,Maintenance,792.07,False,
2025-12-17,V030,Consulting,179.3,False,
2025-12-17,V040,Maintenance,1826.2,False,
2025-12-17,V035,Consulting,3417.99,False,
2025-12-17,V044,Supplies,160.63,False,
2025-12-17,V009,Maintenance,3044.63,False,
2025-12-17,V019,Consulting,208.59,False,
2025-12-17,V020,Maintenance,6145.25,False,
2025-12-17,V045,Travel,257.12,False,
2025-12-17,V022,Consulting,157.41,False,
2025-12-17,V001,Consulting,227.18,False,
2025-12-17,V034,Supplies,1817.41,False,
2025-12-17,V011,Utilities,754.33,False,
2025-12-17,V018,Utilities,1816.44,False,
2025-12-17,V041,Travel,743.0,False,
2025-12-17,V035,Travel,13946.29,False,
2025-12-17,V028,Consulting,57.47,False,
2025-12-17,V026,Utilities,155.12,False,
2025-12-17,V044,Travel,141.92,False,
2025-12-17,V013,Maintenance,628.23,False,
2025-12-17,V003,Utilities,738.02,False,
2025-12-17,V034,Maintenance,1206.4,False,
2025-12-17,V049,Utilities,129.18,False,
2025-12-17,V026,Utilities,347.91,False,
2025-12-17,V020,Maintenance,91.82,False,
2025-12-18,V037,Utilities,67.08,False,
2025-12-18,V047,Maintenance,29.53,False,
2025-12-18,V001,Consulting,1981.05,False,
2025-12-18,V002,Consulting,639.44,False,
2025-12-18,V046,Utilities,2624.43,False,
2025-12-18,V013,Consulting,121.38,False,
2025-12-18,V039,Travel,42.28,False,
2025-12-18,V008,Consulting,425.4,False,
2025-12-18,V050,Supplies,1630.57,False,
2025-12-18,V033,Travel,6813.13,False,
2025-12-18,V041,Consulting,4228.45,False,
2025-12-18,V002,Maintenance,140.56,False,
2025-12-18,V038,Travel,198.25,False,
2025-12-18,V048,Consulting,2809.28,False,
2025-12-18,V025,Consulting,551.34,False,
2025-12-18,V015,Maintenance,2784.36,False,
2025-12-19,V028,Travel,993.69,False,
2025-12-19,V036,Consulting,773.13,False,
2025-12-19,V020,Supplies,4875.74,True,below_threshold
2025-12-19,V031,Supplies,53.92,False,
2025-12-19,V027,Utilities,1821.2,False,
2025-12-19,V047,Travel,438.48,False,
2025-12-19,V024,Travel,155.32,False,
2025-12-19,V025,Supplies,17818.74,False,
2025-12-19,V036,Consulting,2257.34,False,
2025-12-20,V044,Utilities,2001.73,False,
2025-12-20,V001,Travel,1293.31,False,
2025-12-20,V001,Maintenance,528.5,False,
2025-12-20,V038,Maintenance,1270.0,False,
2025-12-20,V040,Maintenance,16549.69,False,
2025-12-20,V032,Consulting,88.25,False,
2025-12-20,V006,Supplies,597.52,False,
2025-12-20,V018,Supplies,548.37,False,
2025-12-20,V036,Supplies,146.2,False,
2025-12-20,V032,Utilities,746.54,False,
2025-12-20,V026,Supplies,103.89,False,
2025-12-20,V044,Utilities,541.87,False,
2025-12-20,V014,Utilities,474.68,False,
2025-12-20,V003,Travel,186.6,False,
2025-12-20,V033,Travel,720.11,False,
2025-12-20,V036,Utilities,2401.25,False,
2025-12-20,V030,Travel,20227.73,False,
2025-12-21,V047,Travel,55.64,False,
2025-12-21,V006,Maintenance,1143.18,False,
2025-12-21,V008,Supplies,17536.92,False,
2025-12-21,V003,Consulting,2074.62,False,
2025-12-21,V002,Consulting,15018.27,False,
2025-12-21,V027,Supplies,567.38,False,
2025-12-21,V022,Maintenance,918.13,False,
2025-12-21,V034,Maintenance,96.45,False,
2025-12-21,V047,Utilities,3776.35,False,
2025-12-21,V003,Travel,675.16,False,
2025-12-21,V021,Supplies,828.48,False,
2025-12-21,V031,Maintenance,1671.04,False,
2025-12-21,V022,Utilities,627.58,False,
2025-12-21,V019,Consulting,285.55,False,
2025-12-21,V034,Consulting,275.25,False,
2025-12-21,V024,Consulting,324.75,False,
2025-12-21,V017,Travel,8330.14,True,fabricated
2025-12-21,V025,Utilities,313.29,False,
2025-12-22,V030,Supplies,219.62,False,
2025-12-22,V026,Travel,435.04,False,
2025-12-22,V050,Utilities,173.03,False,
2025-12-22,V024,Maintenance,484.02,False,
2025-12-22,V032,Utilities,182.2,False,
2025-12-22,V014,Maintenance,971.7,False,
2025-12-22,V046,Travel,952.88,False,
2025-12-22,V028,Consulting,3484.35,False,
2025-12-23,V030,Utilities,1570.5,False,
2025-12-23,V005,Travel,210.72,False,
2025-12-23,V012,Travel,317.7,False,
2025-12-23,V035,Supplies,1825.78,False,
2025-12-23,V028,Travel,64.85,False,
2025-12-23,V024,Maintenance,795.87,False,
2025-12-23,V028,Travel,1619.24,False,
2025-12-23,V014,Utilities,2512.61,False,
2025-12-23,V039,Consulting,307.71,False,
2025-12-23,V004,Travel,2314.67,False,
2025-12-23,V013,Consulting,393.63,False,
2025-12-23,V003,Travel,1825.27,False,
2025-12-23,V042,Utilities,127.83,False,
2025-12-23,V010,Supplies,108.56,False,
2025-12-23,V006,Supplies,361.66,False,
2025-12-23,V041,Consulting,182.65,False,
2025-12-23,V003,Utilities,683.22,False,
2025-12-24,V012,Consulting,197.65,False,
2025-12-24,V009,Supplies,3347.27,False,
2025-12-24,V036,Utilities,83.17,False,
2025-12-24,V032,Consulting,122.41,False,
2025-12-24,V008,Supplies,242.51,False,
2025-12-24,V015,Utilities,1740.59,False,
2025-12-24,V023,Utilities,474.26,False,
2025-12-24,V017,Consulting,168.28,False,
2025-12-24,V031,Travel,287.97,False,
2025-12-24,V050,Travel,389.71,False,
2025-12-24,V014,Consulting,783.4,False,
2025-12-24,V026,Supplies,195.69,False,
2025-12-24,V012,Consulting,197.65,True,duplicate
2025-12-24,V046,Supplies,354.74,False,
2025-12-24,V043,Supplies,2535.34,False,
2025-12-24,V017,Consulting,1122.21,False,
2025-12-25,V008,Supplies,407.81,False,
2025-12-25,V018,Consulting,1330.44,False,
2025-12-25,V048,Utilities,2307.06,False,
2025-12-25,V012,Utilities,418.28,False,
2025-12-25,V013,Travel,410.99,False,
2025-12-25,V045,Travel,2008.34,False,
2025-12-25,V015,Utilities,3377.11,False,
2025-12-25,V002,Consulting,878.26,False,
2025-12-25,V019,Utilities,1105.13,False,
2025-12-25,V031,Maintenance,109.4,False,
2025-12-25,V026,Maintenance,4791.13,False,
2025-12-26,V039,Utilities,166.58,False,
2025-12-26,V041,Maintenance,165.32,False,
2025-12-26,V010,Utilities,1393.99,False,
2025-12-26,V014,Consulting,6429.97,False,
2025-12-26,V012,Travel,668.43,False,
2025-12-26,V008,Travel,62.77,False,
2025-12-26,V009,Utilities,62614.84,False,
2025-12-26,V033,Maintenance,449.99,False,
2025-12-26,V021,Utilities,4909.01,True,below_threshold
2025-12-26,V026,Travel,132.57,False,
2025-12-26,V043,Travel,265.89,False,
2025-12-26,V050,Consulting,549.35,False,
2025-12-26,V017,Maintenance,3023.93,False,
2025-12-26,V013,Supplies,1570.65,False,
2025-12-26,V011,Travel,658.04,True,fabricated
2025-12-26,V003,Utilities,45.23,False,
2025-12-26,V015,Travel,2805.45,False,
2025-12-26,V025,Utilities,27.49,False,
2025-12-26,V010,Travel,34.82,False,
2025-12-26,V028,Consulting,608.35,False,
2025-12-27,V011,Travel,283.34,False,
2025-12-27,V004,Consulting,34.87,False,
2025-12-27,V023,Travel,507.47,False,
2025-12-27,V038,Travel,883.77,False,
2025-12-27,V041,Maintenance,827.82,False,
2025-12-27,V001,Travel,4520.44,False,
2025-12-27,V018,Maintenance,24723.31,False,
2025-12-27,V029,Utilities,769.31,False,
2025-12-27,V015,Consulting,452.83,False,
2025-12-27,V012,Maintenance,3146.31,False,
2025-12-27,V006,Travel,99.37,False,
2025-12-27,V049,Utilities,1872.19,False,
2025-12-27,V015,Supplies,110.23,False,
2025-12-27,V026,Consulting,85.92,False,
2025-12-28,V048,Utilities,1585.48,False,
2025-12-28,V004,Maintenance,7484.78,False,
2025-12-28,V008,Maintenance,22846.4,False,
2025-12-28,V033,Supplies,135.87,False,
2025-12-28,V037,Utilities,319.87,False,
2025-12-28,V005,Utilities,1337.42,False,
2025-12-28,V022,Consulting,901.77,False,
2025-12-28,V046,Consulting,877.41,False,
2025-12-28,V042,Maintenance,645.81,False,
2025-12-28,V023,Travel,369.04,False,
2025-12-28,V002,Utilities,1381.72,False,
2025-12-28,V017,Maintenance,564.75,False,
2025-12-28,V019,Consulting,242.82,False,
2025-12-28,V025,Consulting,112.13,False,
2025-12-28,V030,Supplies,2829.94,False,
2025-12-28,V017,Supplies,168.84,False,
2025-12-28,V025,Consulting,2571.31,False,
2025-12-29,V016,Utilities,1005.62,False,
2025-12-29,V011,Travel,1176.27,False,
2025-12-29,V031,Supplies,8000.0,True,round_number
2025-12-29,V028,Consulting,555.58,False,
2025-12-29,V010,Supplies,2789.93,False,
2025-12-29,V009,Supplies,1579.26,False,
2025-12-29,V011,Maintenance,95.54,False,
2025-12-29,V024,Maintenance,9784.82,False,
2025-12-29,V033,Utilities,614.82,False,
2025-12-29,V020,Consulting,143.96,False,
2025-12-29,V041,Supplies,910.98,False,
2025-12-29,V006,Supplies,390.25,False,
2025-12-29,V028,Maintenance,15.15,False,
2025-12-30,V002,Maintenance,48.38,False,
2025-12-30,V007,Travel,315.18,False,
2025-12-30,V021,Travel,657.0,False,
2025-12-30,V008,Consulting,3757.77,False,
2025-12-30,V002,Supplies,359.15,False,
2025-12-30,V026,Utilities,332.15,False,
2025-12-30,V048,Consulting,1517.27,False,
2025-12-30,V020,Consulting,1725.49,False,
2025-12-30,V018,Maintenance,2176.87,False,
2025-12-30,V019,Utilities,40.6,False,
2025-12-30,V050,Travel,157.97,False,
2025-12-30,V043,Utilities,917.53,False,
2025-12-30,V009,Utilities,348.81,False,
2025-12-30,V019,Travel,5120.86,False,
2025-12-30,V043,Supplies,1309.75,False,
2025-12-31,V043,Consulting,1518.71,False,
2025-12-31,V029,Consulting,1749.53,False,
2025-12-31,V036,Utilities,382.91,False,
2025-12-31,V010,Consulting,572.39,False,
2025-12-31,V024,Utilities,5035.05,False,
2025-12-31,V041,Maintenance,7627.41,False,
2025-12-31,V043,Consulting,117.25,False,
2025-12-31,V041,Maintenance,3677.39,False,
2025-12-31,V049,Travel,198.46,False,
2025-12-31,V035,Utilities,5629.23,False,
2025-12-31,V010,Utilities,142.37,False,
2025-12-31,V006,Utilities,1743.03,False,
2025-12-31,V013,Travel,6584.01,False,
2025-12-31,V040,Travel,2035.42,False,
2026-01-02,V019,Utilities,40.6,True,duplicate
